X,Y,Label
-1.906630489284115493e+00,-1.777503460215400732e+00,1.000000000000000000e+00
1.962795765462233888e+00,2.262724966501961532e+00,0.000000000000000000e+00
2.646629311904903137e+00,2.918136554704294561e+00,0.000000000000000000e+00
3.216445860741980134e+00,3.240356375525968780e+00,0.000000000000000000e+00
2.382025700799219159e+00,3.422410794382311217e+00,0.000000000000000000e+00
3.211133803281047250e+00,2.302112659792169502e+00,0.000000000000000000e+00
-2.872757637589923085e+00,-1.706400883128002421e+00,1.000000000000000000e+00
-4.847583991404999182e+00,-5.173611135681859707e+00,1.000000000000000000e+00
3.664197484362675006e+00,1.368514985500388415e+00,0.000000000000000000e+00
1.325841311156172209e+00,3.730612876703861769e+00,0.000000000000000000e+00
3.287797938942843334e+00,1.765209085076656415e+00,0.000000000000000000e+00
-2.549302603820595703e+00,-2.298791099629705403e+00,1.000000000000000000e+00
3.833431198158857800e+00,1.976133330352981332e+00,0.000000000000000000e+00
-2.143265384702384591e+00,1.515378590980692053e+00,1.000000000000000000e+00
1.626576572083491490e+00,1.413971793229928942e+00,0.000000000000000000e+00
-6.299610266528199887e+00,-3.626251249390932685e-01,1.000000000000000000e+00
-2.449907412818945751e+00,-4.815133931459207872e+00,1.000000000000000000e+00
-7.925358449857298204e-01,-2.665303825577643337e+00,1.000000000000000000e+00
-4.536770945135865318e+00,-4.282672738038752591e+00,1.000000000000000000e+00
-4.097857221305385877e+00,-4.174878871310343520e+00,1.000000000000000000e+00
3.374884633392334798e+00,3.913944984209472011e+00,0.000000000000000000e+00
-3.867785950989443222e+00,-3.673761159148356548e+00,1.000000000000000000e+00
-4.870914569931579230e+00,-1.242287233375513944e+00,1.000000000000000000e+00
4.783283860571191148e+00,2.412730646072891894e+00,0.000000000000000000e+00
3.132140175652421199e+00,3.208121154499365080e+00,0.000000000000000000e+00
-2.505619639653133834e+00,-9.415151509838999289e-01,1.000000000000000000e+00
3.333113074156684785e+00,2.021133301868803134e+00,0.000000000000000000e+00
-3.732741853947767474e+00,-3.888879198762385858e+00,1.000000000000000000e+00
1.787489329809212490e+00,4.055905257900366934e+00,0.000000000000000000e+00
-4.459843281975523155e+00,-4.509698466969024544e+00,1.000000000000000000e+00
-1.521259978473804564e+00,-3.983920285553695706e+00,1.000000000000000000e+00
-5.754468554355640642e+00,-4.322375524526449020e+00,1.000000000000000000e+00
-3.616907257468993553e+00,-5.378899514961565487e+00,1.000000000000000000e+00
5.254638345093249008e+00,5.016323232031788315e+00,0.000000000000000000e+00
3.109458666364066648e+00,4.164935670464287476e+00,0.000000000000000000e+00
-4.783855188808123771e+00,-2.738918567286120265e+00,1.000000000000000000e+00
-3.269046878070685391e+00,-1.114732295338648527e+01,1.000000000000000000e+00
-2.419657738486340470e+00,3.880399854140069493e+00,1.000000000000000000e+00
-1.359346183445824252e+00,-3.240844884925420111e+00,1.000000000000000000e+00
2.730719526157030952e+00,4.025845815662164817e+00,0.000000000000000000e+00
2.202526304128376911e+00,3.178471398951511429e+00,0.000000000000000000e+00
3.034123607863679961e+00,2.535127563829182584e+00,0.000000000000000000e+00
2.831737334497628655e+00,4.530207472628377197e+00,0.000000000000000000e+00
4.838237400693173207e+00,2.687021472799202115e+00,0.000000000000000000e+00
3.018698320395557300e+00,2.342300024153329829e+00,0.000000000000000000e+00
-3.715008298796481867e+00,-3.126625926936908328e+00,1.000000000000000000e+00
1.892298247719026438e+00,3.197000549826051419e+00,0.000000000000000000e+00
2.678540023585416208e+00,3.036110731044794786e+00,0.000000000000000000e+00
-4.164002815370695387e+00,5.203843502795768572e-02,1.000000000000000000e+00
2.932175383898009358e+00,3.144715324748903917e+00,0.000000000000000000e+00
-5.165289903136811134e+00,1.345052944354330648e+00,1.000000000000000000e+00
2.355098177480065225e+00,3.840747407391277068e+00,0.000000000000000000e+00
-5.739622036504815838e+00,-5.692529135401075635e+00,1.000000000000000000e+00
1.564911716295519506e+00,2.675187841664635524e+00,0.000000000000000000e+00
2.212990937443389150e+00,2.890738753416317142e+00,0.000000000000000000e+00
1.246690372023124382e+00,2.193834040578483080e+00,0.000000000000000000e+00
-2.443776062378185898e+00,-5.635771108441959498e+00,1.000000000000000000e+00
2.397316858106070647e+00,4.269076734859022615e+00,0.000000000000000000e+00
4.487202489540567996e+00,1.862933732639917350e+00,0.000000000000000000e+00
1.312536045448761568e+00,1.477024195005618656e+00,0.000000000000000000e+00
2.792161411656763015e+00,4.860172249410762646e+00,0.000000000000000000e+00
-1.573657181441939334e+00,-2.898823528397469040e+00,1.000000000000000000e+00
4.339454401287637708e+00,3.413042766220135693e+00,0.000000000000000000e+00
1.989425580196749976e+00,3.667789518668074678e+00,0.000000000000000000e+00
1.697333196398446153e+00,3.370886832637396413e+00,0.000000000000000000e+00
3.517969467486337543e+00,1.238563710485570679e+00,0.000000000000000000e+00
1.569863053369670691e+00,2.221405719608534390e+00,0.000000000000000000e+00
3.648133163499282183e+00,3.403032100130715776e+00,0.000000000000000000e+00
-2.679750033195722470e+00,-3.372093919203440038e+00,1.000000000000000000e+00
4.248673927195440569e+00,3.156570236932336293e+00,0.000000000000000000e+00
2.250904842176276510e+00,4.665816654535960950e+00,0.000000000000000000e+00
2.602707468675120150e+00,3.354251616893035859e+00,0.000000000000000000e+00
2.635097856159839047e+00,1.066788807452902166e+00,0.000000000000000000e+00
-5.575052886717113410e-03,-6.980924404356303015e+00,1.000000000000000000e+00
2.978896302105675353e+00,2.833888516161677806e+00,0.000000000000000000e+00
-1.620315241192937572e+00,-1.078073530820085058e+00,1.000000000000000000e+00
3.590083959249536605e+00,5.042682225255545880e+00,0.000000000000000000e+00
2.619944135654150408e+00,2.871739557117469310e+00,0.000000000000000000e+00
-3.395409238579667477e+00,-4.027118845895456545e+00,1.000000000000000000e+00
3.514442489245583445e+00,2.555111024504079786e+00,0.000000000000000000e+00
-4.073966951510872292e+00,-4.962835152126997329e+00,1.000000000000000000e+00
-2.715327472196096714e+00,-2.105745868450268787e+00,1.000000000000000000e+00
-4.049897925976827295e+00,-2.780494138636147028e+00,1.000000000000000000e+00
-1.334927070675568705e+00,-6.664657022662328956e+00,1.000000000000000000e+00
3.535697323709337425e+00,2.848316344558362356e+00,0.000000000000000000e+00
-3.738564293330076449e+00,-3.268125397335587046e+00,1.000000000000000000e+00
-2.463014130934900514e+00,-3.508969226359354820e+00,1.000000000000000000e+00
2.071781692077085513e+00,3.725714743547718033e+00,0.000000000000000000e+00
3.362606895733268875e+00,2.891117873056827658e+00,0.000000000000000000e+00
-3.114600846566388359e+00,-8.564905772822839936e+00,1.000000000000000000e+00
-3.094839686302816251e+00,-6.130875527843597794e-01,1.000000000000000000e+00
1.825191732099880948e+00,4.823911698279242266e+00,0.000000000000000000e+00
1.943045287553592404e+00,3.049463340722481597e+00,0.000000000000000000e+00
-3.119856921560761442e+00,-3.732770570753423556e+00,1.000000000000000000e+00
-4.197675050508826722e+00,-1.785157883840976734e+00,1.000000000000000000e+00
-2.608639545481310940e+00,-4.865033696895938675e+00,1.000000000000000000e+00
-1.043132423664371533e+00,-4.157757243968478456e+00,1.000000000000000000e+00
4.552328086914535277e+00,3.353729391258628567e+00,0.000000000000000000e+00
4.157687806853170187e+00,1.657453478683120318e+00,0.000000000000000000e+00
3.587081199388713948e+00,4.458909378104142007e+00,0.000000000000000000e+00
1.975861590885006347e+00,2.155452346222359594e+00,0.000000000000000000e+00
1.355703259715214770e+00,1.582688389231702297e+00,0.000000000000000000e+00
1.057783543047018826e+00,2.961413098442518876e+00,0.000000000000000000e+00
-5.379527432555777366e+00,8.446729505157835050e-02,1.000000000000000000e+00
2.871803264573424386e+00,3.794408674111061863e+00,0.000000000000000000e+00
-4.618010428596361905e-01,2.043396638563844903e+00,1.000000000000000000e+00
-4.526410257938628057e+00,-5.022207110566074384e+00,1.000000000000000000e+00
2.674213471954484334e+00,1.645595755611513500e+00,0.000000000000000000e+00
2.076889484345031622e+00,3.488141697496031313e+00,0.000000000000000000e+00
2.030466086215434451e+00,2.414910932244767494e+00,0.000000000000000000e+00
2.590732740501047182e+00,1.078200281664896121e+00,0.000000000000000000e+00
-1.125185786451888159e+00,-1.802707109803250995e+00,1.000000000000000000e+00
-4.142819139146562968e+00,-5.638594416795636555e+00,1.000000000000000000e+00
3.866863438510872442e+00,2.628403085680763418e+00,0.000000000000000000e+00
2.932579485723417090e+00,7.733903602112524034e-01,0.000000000000000000e+00
-2.683376237396601027e+00,-4.230116456384255486e+00,1.000000000000000000e+00
-2.255786383297580411e+00,3.006121238316714184e+00,1.000000000000000000e+00
3.921640839622758890e+00,2.980880493419807209e+00,0.000000000000000000e+00
4.082112802478546243e+00,3.022558248938287395e+00,0.000000000000000000e+00
4.250541357283191601e+00,4.140431539403333083e+00,0.000000000000000000e+00
-3.800491831530377951e+00,-6.298426096772129945e+00,1.000000000000000000e+00
2.619058618219256118e+00,4.207850384518907916e+00,0.000000000000000000e+00
1.990936705620068414e+00,3.225550911379313934e+00,0.000000000000000000e+00
2.572934656575946555e+00,3.926068196379203457e+00,0.000000000000000000e+00
3.351441542805809970e+00,3.214275972804618853e+00,0.000000000000000000e+00
-4.027779837670808938e+00,-2.153810238529032084e+00,1.000000000000000000e+00
-3.245122339518270671e+00,-4.073531055226836450e+00,1.000000000000000000e+00
3.208278690187077231e+00,3.618789725512518984e+00,0.000000000000000000e+00
-4.969358454291076477e+00,-5.409630434047162595e+00,1.000000000000000000e+00
3.429511304481057898e+00,2.488270508614909726e+00,0.000000000000000000e+00
3.845321471428229110e+00,3.021295289151970653e+00,0.000000000000000000e+00
1.253718995863855268e+00,3.288970491266163254e+00,0.000000000000000000e+00
1.723361709444026113e+00,1.688746166236003265e+00,0.000000000000000000e+00
3.863951339856151801e+00,3.374341803023193087e+00,0.000000000000000000e+00
2.837571710660052648e+00,2.184725480303521650e+00,0.000000000000000000e+00
3.296993087630995412e+00,1.689007907342343406e+00,0.000000000000000000e+00
-1.583945763505281157e+00,-1.185918750102763930e+00,1.000000000000000000e+00
-3.247703905621497356e+00,-2.900854081759448366e+00,1.000000000000000000e+00
-3.375304370990381386e+00,-4.697049146216900617e+00,1.000000000000000000e+00
2.767617627472044095e+00,3.386339931296046490e+00,0.000000000000000000e+00
-2.401725762583359014e+00,-4.523262202826432876e+00,1.000000000000000000e+00
-1.515874755590850498e+00,-3.436794223830605954e+00,1.000000000000000000e+00
3.355134146042280108e+00,4.323131547673175312e+00,0.000000000000000000e+00
3.438903631970182673e+00,1.702169684048021603e+00,0.000000000000000000e+00
3.322212988965172364e+00,4.345694908638191301e+00,0.000000000000000000e+00
2.427609322735488462e+00,2.810875741807641770e+00,0.000000000000000000e+00
-3.087736749621949883e-01,-1.483800383996260575e+00,1.000000000000000000e+00
3.449386091694237155e+00,4.256728360866544492e+00,0.000000000000000000e+00
3.877830477887806548e+00,2.492135205189047298e+00,0.000000000000000000e+00
3.104197590986241817e+00,3.557484589392742702e+00,0.000000000000000000e+00
-2.506294668076681109e+00,-6.057465724130848272e-01,1.000000000000000000e+00
2.697670021461225254e+00,2.931661806942282844e+00,0.000000000000000000e+00
-2.252043625396881410e+00,-2.982614880232052901e+00,1.000000000000000000e+00
2.494721507961288776e+00,2.147948857496825070e+00,0.000000000000000000e+00
3.340472028809224447e+00,4.080872621306416370e+00,0.000000000000000000e+00
2.392264018673976533e+00,3.130976039173162473e+00,0.000000000000000000e+00
-1.890422218459447912e+00,-1.740174730996324026e+00,1.000000000000000000e+00
-1.976408106181072988e+00,-1.558996475187969022e+00,1.000000000000000000e+00
1.307689847478906930e+00,8.568209935289594625e-01,0.000000000000000000e+00
-6.359301956829530589e-01,-1.575732508153668610e+00,1.000000000000000000e+00
8.817791071744283116e-01,-4.309267595908375270e+00,1.000000000000000000e+00
2.796934000824457645e+00,2.752789495269477360e+00,0.000000000000000000e+00
-1.617899047932529255e+00,-8.266281763020000284e-02,1.000000000000000000e+00
-1.821774960110465802e+00,-4.025784031543405916e+00,1.000000000000000000e+00
3.491663073503242121e+00,3.829085343532635299e+00,0.000000000000000000e+00
8.242562706967180297e-01,3.432686472594038030e+00,0.000000000000000000e+00
-3.323837583913020755e+00,-3.492932130234871035e+00,1.000000000000000000e+00
4.220387776316453454e+00,2.500179780817044506e+00,0.000000000000000000e+00
3.303879888774440499e+00,2.745534454028231153e+00,0.000000000000000000e+00
3.403865475220334780e+00,1.460845651697092462e+00,0.000000000000000000e+00
-1.996901706406221111e+00,-4.603281881497906625e+00,1.000000000000000000e+00
-1.929840999602893792e+00,-3.301571897648810872e+00,1.000000000000000000e+00
3.132922604886156925e+00,3.394811832932604023e+00,0.000000000000000000e+00
-2.367310052501588657e+00,-2.814623016051410964e+00,1.000000000000000000e+00
-3.603307104813172401e+00,-2.319690528863648016e+00,1.000000000000000000e+00
-2.059576786225698619e+00,-1.368171273033233382e+00,1.000000000000000000e+00
2.951562002175117883e+00,2.385704095092317178e+00,0.000000000000000000e+00
2.593581946249742920e+00,2.107356746843335404e+00,0.000000000000000000e+00
-2.585791634165516051e+00,1.494505951901254903e+00,1.000000000000000000e+00
1.867377308965606497e+00,2.286780695456685830e+00,0.000000000000000000e+00
-4.923945382379965707e+00,-2.847239374643347976e+00,1.000000000000000000e+00
-2.636993115856339998e+00,-3.257335438409043604e+00,1.000000000000000000e+00
-2.185742934588940756e+00,-1.985848009041607076e+00,1.000000000000000000e+00
3.709162395382471722e+00,4.215688620303596146e+00,0.000000000000000000e+00
3.035541952526877196e+00,3.706568867621187202e+00,0.000000000000000000e+00
8.663140813821033070e-01,-1.129924288302337931e+00,1.000000000000000000e+00
-1.805732841843741276e+00,-3.723808507493808317e+00,1.000000000000000000e+00
-9.646145360225530929e-01,-8.066820360133341694e+00,1.000000000000000000e+00
-4.811075228883796129e+00,-3.701576147776761694e+00,1.000000000000000000e+00
-3.918162909794893345e+00,-1.345859527053223426e+00,1.000000000000000000e+00
2.377392059642813749e+00,5.178905860445667919e+00,0.000000000000000000e+00
-4.026409035904514155e+00,-6.245236101510695192e+00,1.000000000000000000e+00
-2.205335924166587080e+00,-7.486775819053163694e+00,1.000000000000000000e+00
2.210012807481896768e+00,2.559438683185038421e+00,0.000000000000000000e+00
-3.023460840272035099e+00,-2.373782858244436689e+00,1.000000000000000000e+00
-2.761082096144016340e+00,2.018223651403592278e+00,1.000000000000000000e+00
2.404067250034517045e+00,4.323224195982852791e+00,0.000000000000000000e+00
-2.931663925525124892e+00,-2.426240704899809142e+00,1.000000000000000000e+00
-4.004276283159811101e+00,-1.640672332308062309e+00,1.000000000000000000e+00
3.127758555184485534e+00,3.352129385432573550e+00,0.000000000000000000e+00
2.563191904221494788e+00,2.625519295040720458e+00,0.000000000000000000e+00
2.211950199469687739e+00,1.793638041713271125e+00,0.000000000000000000e+00
1.175110562908229239e+00,2.505593778807079008e+00,0.000000000000000000e+00
-1.740646126675762906e+00,-4.801888448152244138e+00,1.000000000000000000e+00
1.991739506518489966e+00,3.014704559831351105e+00,0.000000000000000000e+00
-7.165878345894444834e+00,-2.815635569600452026e+00,1.000000000000000000e+00
4.208864742601907238e+00,2.147649835364212390e+00,0.000000000000000000e+00
-2.563956925296477340e+00,-3.638099249861228124e+00,1.000000000000000000e+00
4.583361050473000908e+00,2.570293363044191537e+00,0.000000000000000000e+00
-4.393025300025028557e-01,-2.593454120954032049e+00,1.000000000000000000e+00
-1.303495939815573879e+00,-8.174308544121586806e-01,1.000000000000000000e+00
3.233536063085436396e+00,2.670917221839274269e+00,0.000000000000000000e+00
-2.703215173470471466e+00,-2.342631209732277675e+00,1.000000000000000000e+00
-1.469793956567067461e+00,-4.029953668719769233e+00,1.000000000000000000e+00
-3.399416544937328588e+00,1.184257754087257197e+00,1.000000000000000000e+00
4.208527339293191005e+00,2.739047473407258959e+00,0.000000000000000000e+00
-4.484174748808808175e+00,-5.678670016898673012e+00,1.000000000000000000e+00
-5.186204019315923119e+00,-3.160430937862447998e+00,1.000000000000000000e+00
-3.782618538546151932e+00,-4.266446617156323562e+00,1.000000000000000000e+00
-3.470049279279141974e+00,-1.448069652998814627e+00,1.000000000000000000e+00
-4.325671457598359027e+00,8.042940493022854298e-02,1.000000000000000000e+00
-2.094626870535913898e+00,-6.555757345165537764e+00,1.000000000000000000e+00
-2.120411184286841166e+00,-6.835050512437907955e-01,1.000000000000000000e+00
-6.031934378526506713e+00,-3.652294220433638383e+00,1.000000000000000000e+00
4.740663715477495543e+00,4.186942843856205521e+00,0.000000000000000000e+00
-3.417801079026413724e+00,-6.582608565465514872e+00,1.000000000000000000e+00
3.658193925250679879e+00,3.711557969953918068e+00,0.000000000000000000e+00
-3.980050802092152118e+00,-2.281274097260591827e+00,1.000000000000000000e+00
-4.922282090402680943e+00,-4.292306962023712202e+00,1.000000000000000000e+00
2.633697356570070980e+00,1.957668455821851117e+00,0.000000000000000000e+00
-2.424317718598838045e+00,1.438369429585141468e+00,1.000000000000000000e+00
3.534855007327574850e+00,3.016947504672484737e+00,0.000000000000000000e+00
-3.047790942166487937e+00,-4.192849241232931234e+00,1.000000000000000000e+00
-4.379172297207771791e-01,-4.510453044216638396e+00,1.000000000000000000e+00
3.711859944845135040e+00,3.060910376502292696e+00,0.000000000000000000e+00
-4.909591166699427411e+00,-3.306208554454745485e+00,1.000000000000000000e+00
-2.092081363020922069e+00,-3.710407663956805102e+00,1.000000000000000000e+00
-1.359602972080407479e+00,-2.035130766520271806e+00,1.000000000000000000e+00
-3.363336843453856417e+00,-2.646584159242687306e+00,1.000000000000000000e+00
-2.689958011306468944e+00,-4.054370947161629601e+00,1.000000000000000000e+00
-2.805059968995420316e+00,-2.259499512277056255e+00,1.000000000000000000e+00
-3.009872770614987036e+00,-4.955518313602319758e+00,1.000000000000000000e+00
3.464512393365472676e+00,2.505712462356008974e+00,0.000000000000000000e+00
1.541338587230910662e+00,2.927389908865583479e+00,0.000000000000000000e+00
3.356914421548381711e+00,4.011698274179553714e+00,0.000000000000000000e+00
-1.153276492584196955e+00,3.994809331406464104e+00,1.000000000000000000e+00
-1.310437097872300560e+00,-1.470174367994198095e+00,1.000000000000000000e+00
-2.287323820188393864e+00,-4.626610319477402200e+00,1.000000000000000000e+00
2.879545391668073329e+00,3.928601945601714718e+00,0.000000000000000000e+00
2.746350321799363225e+00,2.070585988203967442e+00,0.000000000000000000e+00
2.916525577486255294e+00,3.752043042106962822e+00,0.000000000000000000e+00
3.763760172432274231e+00,4.472439704861436383e+00,0.000000000000000000e+00
2.615808986330059760e+00,3.555041476567136538e+00,0.000000000000000000e+00
1.667636376722540614e+00,1.845660597152672500e+00,0.000000000000000000e+00
1.697831457091397045e+00,4.066831330003551237e+00,0.000000000000000000e+00
-2.918846669726621545e+00,-4.830989780953811596e-01,1.000000000000000000e+00
-2.358911323807882710e+00,-2.069070391670749576e+00,1.000000000000000000e+00
3.916860183206762880e+00,1.981952160332655977e+00,0.000000000000000000e+00
2.969810945062333118e+00,1.728695749349029143e+00,0.000000000000000000e+00
2.758572714082202282e+00,3.526428820321663160e+00,0.000000000000000000e+00
2.845345644019616316e+00,1.306779067940704753e+00,0.000000000000000000e+00
-2.892413487284271056e+00,-1.265261344970517454e+00,1.000000000000000000e+00
3.947435120509660056e+00,4.014916888982462240e+00,0.000000000000000000e+00
2.071894627414112122e+00,2.621538788435666234e+00,0.000000000000000000e+00
2.417212008920170518e+00,3.057647893937576633e+00,0.000000000000000000e+00
2.957903090183549022e+00,4.730688232876628874e+00,0.000000000000000000e+00
4.095536384976672828e+00,3.217958517033443488e+00,0.000000000000000000e+00
1.217182564145646850e-01,-1.062370797708012127e+00,1.000000000000000000e+00
-4.026318316372215378e+00,-1.084291587343131580e+00,1.000000000000000000e+00
-3.881795165730896890e+00,-2.449560123529771261e+00,1.000000000000000000e+00
-2.086463790416587916e+00,-4.395979628276883489e+00,1.000000000000000000e+00
-3.159367546401046223e+00,-6.242471120765700654e+00,1.000000000000000000e+00
-4.392844149303835266e+00,-3.005605227207733599e+00,1.000000000000000000e+00
3.320563009606595894e+00,3.493232403318133450e+00,0.000000000000000000e+00
-2.601749541541416022e+00,-1.504769137350634445e+00,1.000000000000000000e+00
3.362924648387157767e+00,2.801002889313586763e+00,0.000000000000000000e+00
2.634937101915520330e+00,4.011224266042667352e+00,0.000000000000000000e+00
-2.305027569480482708e+00,-2.126139389532806678e+00,1.000000000000000000e+00
4.774387724953289336e+00,2.969292205305410715e+00,0.000000000000000000e+00
-3.323330631236824928e+00,-2.135197865171518217e+00,1.000000000000000000e+00
4.997599600390461916e+00,3.047544841000763505e+00,0.000000000000000000e+00
-1.168212248770120976e+00,-6.172705247378813098e+00,1.000000000000000000e+00
2.439086625394620622e+00,3.070202853566712076e+00,0.000000000000000000e+00
-3.800975130243365641e+00,-4.060260367830973216e+00,1.000000000000000000e+00
1.901710543358228644e+00,4.240305844751835807e+00,0.000000000000000000e+00
-2.875762502872007520e+00,-1.588125167079077027e+00,1.000000000000000000e+00
3.186326027936862371e+00,2.191972042243115926e+00,0.000000000000000000e+00
-2.800523080309220258e+00,-2.558423717413729204e+00,1.000000000000000000e+00
-4.816717059598241590e+00,-3.096801308391867291e+00,1.000000000000000000e+00
3.436196786191261232e+00,1.369057363087738288e+00,0.000000000000000000e+00
-3.292692161015822183e+00,-5.447534963915742878e+00,1.000000000000000000e+00
-4.117394364955226038e+00,-2.679268925608468077e+00,1.000000000000000000e+00
3.445353906240349762e+00,3.697586086430864505e+00,0.000000000000000000e+00
-3.094810158884736317e+00,-9.636132582299943294e-01,1.000000000000000000e+00
2.290959037352158223e+00,3.821764861215471321e+00,0.000000000000000000e+00
-4.364449504915428157e+00,-4.735813244801468258e+00,1.000000000000000000e+00
-4.042151171790606234e+00,-1.904270849060228921e+00,1.000000000000000000e+00
-2.883719419213491175e+00,-2.475471378389053623e+00,1.000000000000000000e+00
-5.337045359106452835e+00,-1.047961155664903776e+00,1.000000000000000000e+00
3.536188597856273041e+00,3.922824522310471629e+00,0.000000000000000000e+00
-3.219602145219476963e+00,-7.262828212809075978e+00,1.000000000000000000e+00
3.083292978831580822e+00,2.988476215353455423e+00,0.000000000000000000e+00
3.949728090909506939e+00,2.833108899348369292e+00,0.000000000000000000e+00
-2.733616755897916306e+00,-3.850269977141813182e+00,1.000000000000000000e+00
-4.732381256480157283e+00,-2.783794808375988250e+00,1.000000000000000000e+00
-2.983694618139468346e+00,-1.997097964948899573e+00,1.000000000000000000e+00
-4.169205454384171006e+00,-4.238629244548322461e+00,1.000000000000000000e+00
1.009594573104425574e+00,2.008542417773498734e+00,0.000000000000000000e+00
-2.685281921849481890e+00,-3.973877575348887525e-01,1.000000000000000000e+00
1.356568536280810866e+00,7.152172319284049173e-01,0.000000000000000000e+00
3.649094491597598022e+00,2.402584244222819798e+00,0.000000000000000000e+00
2.484363829308729343e+00,3.038641497481440190e+00,0.000000000000000000e+00
-2.721235869410363328e+00,-4.755453314619279226e+00,1.000000000000000000e+00
-2.400544674102639497e+00,-5.593625374574944686e+00,1.000000000000000000e+00
2.174366344036676946e+00,3.503657400344398987e+00,0.000000000000000000e+00
-3.178694165616235523e+00,-2.633776739434705583e+00,1.000000000000000000e+00
-5.327829344077599671e+00,-3.892227373189837802e+00,1.000000000000000000e+00
-3.214777206044537206e+00,-1.502616590635461602e+00,1.000000000000000000e+00
-3.304786751992424776e+00,-6.015941383997136072e+00,1.000000000000000000e+00
-1.837589247696763017e+00,-1.367602467121362464e+00,1.000000000000000000e+00
3.410436266452474552e+00,4.381241414836364534e+00,0.000000000000000000e+00
2.826604888306731844e+00,3.916426396607718186e+00,0.000000000000000000e+00
3.362392068263949874e+00,3.083364254210985589e+00,0.000000000000000000e+00
4.694125613646954243e+00,3.791916283879051885e+00,0.000000000000000000e+00
5.176594978918798162e-01,-2.960276341223372132e+00,1.000000000000000000e+00
-1.267787514445163133e+00,-5.251818742067838386e+00,1.000000000000000000e+00
2.770280357629990586e+00,2.085548218612871096e+00,0.000000000000000000e+00
-3.132126521856680057e+00,-3.003238062579259626e+00,1.000000000000000000e+00
2.464369172886414994e+00,3.325953740739072462e+00,0.000000000000000000e+00
-7.314480777563439062e-01,1.784876356515013640e+00,1.000000000000000000e+00
4.293375385527516741e+00,2.938435769990964896e+00,0.000000000000000000e+00
-2.597297170594647930e+00,-5.274089829003389518e+00,1.000000000000000000e+00
4.308023098638143367e+00,3.405396266379492776e+00,0.000000000000000000e+00
3.574697400205565145e+00,1.687791023705023541e+00,0.000000000000000000e+00
2.836849684697557272e+00,2.951517632711784245e+00,0.000000000000000000e+00
1.966221281764655826e+00,1.940801844203220217e+00,0.000000000000000000e+00
-3.273845729768609658e+00,-3.015679049408233503e+00,1.000000000000000000e+00
-3.875112989014986020e+00,-4.059386654681119033e+00,1.000000000000000000e+00
2.899537714779194086e+00,4.269699456381657043e+00,0.000000000000000000e+00
2.467709132356911361e+00,3.598239193632938537e+00,0.000000000000000000e+00
2.768780572112690574e+00,2.817289237923384704e+00,0.000000000000000000e+00
-2.216171244690636755e+00,-2.191086843209669510e+00,1.000000000000000000e+00
2.887492627005216139e+00,3.912687254757367672e+00,0.000000000000000000e+00
-3.368177313012769236e+00,-5.564439218245100349e+00,1.000000000000000000e+00
-2.362611941765125234e+00,-1.378729944020621989e+00,1.000000000000000000e+00
3.378269251962576103e+00,4.577028980297607852e+00,0.000000000000000000e+00
3.775418422106134653e+00,3.311787977128116012e+00,0.000000000000000000e+00
-4.664886346334903955e+00,-1.415257271880794976e+00,1.000000000000000000e+00
-1.581854778271935436e+00,-4.157830168043970431e+00,1.000000000000000000e+00
2.753643026061141086e+00,1.656114886962473554e+00,0.000000000000000000e+00
-1.420803035544695447e+00,-3.037282320447732609e+00,1.000000000000000000e+00
2.798440436591224323e+00,4.487950676723480470e+00,0.000000000000000000e+00
-3.786277214204587960e+00,-1.616478509780832518e+00,1.000000000000000000e+00
-4.005894996214848902e+00,-7.815757688860188068e+00,1.000000000000000000e+00
-3.398278652357183738e+00,-4.657597578954874251e+00,1.000000000000000000e+00
-2.350697399106262520e+00,-5.845071985071477627e+00,1.000000000000000000e+00
-3.841178871323217336e+00,-2.009672772615094694e+00,1.000000000000000000e+00
2.324527788104267412e+00,1.858603702446494088e+00,0.000000000000000000e+00
1.818631657392017154e+00,1.479733458518372791e+00,0.000000000000000000e+00
3.600661446746297401e+00,2.760044863153948480e+00,0.000000000000000000e+00
-6.352469250279764168e-01,-1.239664630368127130e+00,1.000000000000000000e+00
-3.217241365419935217e+00,-1.805158915303318068e+00,1.000000000000000000e+00
1.906144083329332606e+00,2.004918245435450608e+00,0.000000000000000000e+00
9.483612910897329940e-01,2.809430272360374570e+00,0.000000000000000000e+00
-3.580602995998604765e+00,-2.919442500450904365e+00,1.000000000000000000e+00
-6.159795464680130728e+00,-1.311179495106218340e-01,1.000000000000000000e+00
2.463476756361491216e+00,2.978102546182407107e+00,0.000000000000000000e+00
4.763758177525591719e+00,3.453228396157175251e+00,0.000000000000000000e+00
-2.969347529509119177e+00,-4.438825280141345253e-01,1.000000000000000000e+00
-2.766235466495818418e+00,-2.593303004812319124e+00,1.000000000000000000e+00
-9.041647580774281323e-01,-7.164420456037547957e-01,1.000000000000000000e+00
-1.851698312841785876e+00,-2.898925272219999183e+00,1.000000000000000000e+00
-2.544429179099394922e+00,-5.803036854382419563e+00,1.000000000000000000e+00
3.623214130922901344e+00,3.622742476462912364e+00,0.000000000000000000e+00
3.301146376974292362e+00,3.495194950889015217e+00,0.000000000000000000e+00
4.065861615290012665e+00,2.782520849464751755e+00,0.000000000000000000e+00
3.603322523443080350e+00,2.820341867053489437e+00,0.000000000000000000e+00
2.478825640803706598e+00,2.786601642305487569e+00,0.000000000000000000e+00
-2.972279061269274880e+00,-1.475313362880226853e+00,1.000000000000000000e+00
1.639949123890831473e+00,3.443232120651018136e+00,0.000000000000000000e+00
3.496873107941788295e+00,3.225201047232787666e+00,0.000000000000000000e+00
2.771893299590585613e+00,2.931153636347016977e+00,0.000000000000000000e+00
3.366221503104982027e+00,2.026281004759516780e+00,0.000000000000000000e+00
-4.097433333719515680e+00,-2.668665423031555406e+00,1.000000000000000000e+00
4.099815636186888490e+00,2.636204604862159240e+00,0.000000000000000000e+00
-8.529033490094644065e-01,-2.367564192556366187e-01,1.000000000000000000e+00
-2.868798862132218463e+00,-1.940335146429204238e+00,1.000000000000000000e+00
-9.460741515490158626e-01,-1.121092085069287148e+00,1.000000000000000000e+00
4.118181520135725471e+00,3.941176795565407343e+00,0.000000000000000000e+00
1.469160304152373531e+00,2.756167041292174158e+00,0.000000000000000000e+00
-3.617303511748698241e+00,-3.095020310075144998e-01,1.000000000000000000e+00
-3.234008722765219002e+00,-3.662484458739188486e+00,1.000000000000000000e+00
2.421992214453585035e+00,3.043925165876799621e+00,0.000000000000000000e+00
2.708968467885283449e+00,4.849582154841090897e+00,0.000000000000000000e+00
-4.508741696509934727e+00,-4.437837859597161483e+00,1.000000000000000000e+00
-2.204650816534770019e+00,-2.107698431360571334e+00,1.000000000000000000e+00
4.515221293571391570e+00,2.844709321226664755e+00,0.000000000000000000e+00
1.632925199415868223e+00,3.146119604877771092e+00,0.000000000000000000e+00
3.218136664374356748e+00,2.809294869007404660e+00,0.000000000000000000e+00
-2.642015296323005913e+00,-4.122852271601541219e+00,1.000000000000000000e+00
2.849463405635868973e+00,1.195454315057365768e+00,0.000000000000000000e+00
2.702883535109092961e+00,3.190908289104403384e+00,0.000000000000000000e+00
-2.520109488035446432e+00,-2.985875289745680394e+00,1.000000000000000000e+00
-2.576619788928812493e+00,-1.757882866531959465e+00,1.000000000000000000e+00
3.709490726587688858e+00,1.323455242832752843e+00,0.000000000000000000e+00
1.635285280624773074e+00,4.242616751876413517e+00,0.000000000000000000e+00
-2.234278117000421560e+00,-2.795577254400628320e+00,1.000000000000000000e+00
-5.229057224007323867e+00,-4.499826963831310422e-01,1.000000000000000000e+00
4.008307826436965371e+00,1.111700516633761460e+00,0.000000000000000000e+00
-4.531465673248532333e+00,-3.418067531351328459e+00,1.000000000000000000e+00
-5.082886190803238335e+00,-3.699452884126837482e+00,1.000000000000000000e+00
1.293204333778503967e+00,2.615805684315138713e+00,0.000000000000000000e+00
-2.444132099972692984e+00,-1.800048370511458273e+00,1.000000000000000000e+00
-4.416828806182965472e+00,8.843934238285728888e-01,1.000000000000000000e+00
-3.943209928430459588e+00,-9.879402701509829576e-01,1.000000000000000000e+00
1.894836163244430383e+00,2.926504193837522028e+00,0.000000000000000000e+00
1.146995513798771960e+00,4.150374445612178498e+00,0.000000000000000000e+00
3.887002553364012236e+00,3.018872836179581132e+00,0.000000000000000000e+00
-3.148815702273037420e+00,-2.512957430598126152e-01,1.000000000000000000e+00
2.933537398706172361e+00,1.837076368028494056e+00,0.000000000000000000e+00
3.099440646459818538e+00,3.743933458720408947e+00,0.000000000000000000e+00
2.489252991633863488e+00,3.611426357649040852e+00,0.000000000000000000e+00
4.123757914258792567e+00,3.186698125505201595e+00,0.000000000000000000e+00
1.535928491549893415e+00,2.218511456774303614e+00,0.000000000000000000e+00
-1.960230530249963632e+00,-3.407282461823063713e+00,1.000000000000000000e+00
-2.290643995210502215e+00,-4.358405915596710756e+00,1.000000000000000000e+00
1.831456012551500478e+00,1.545090526538527742e+00,0.000000000000000000e+00
-2.840487228661956465e+00,-4.835159972320923316e+00,1.000000000000000000e+00
3.621288509724656990e+00,6.184618435923772140e-01,0.000000000000000000e+00
2.153120080821091076e+00,3.205102625143756878e+00,0.000000000000000000e+00
-2.847172594111886390e+00,-2.818683352736125247e+00,1.000000000000000000e+00
-2.386865870671792234e+00,-7.998377631825888123e-01,1.000000000000000000e+00
1.406507582242898957e+00,2.484066257513806608e+00,0.000000000000000000e+00
-3.678864693244681128e+00,-5.632941686829939343e+00,1.000000000000000000e+00
4.342427430790277043e+00,2.194594348849471466e+00,0.000000000000000000e+00
2.619175315862530162e+00,4.401343891722399704e+00,0.000000000000000000e+00
4.105344769079112055e+00,2.647760299617536006e+00,0.000000000000000000e+00
-2.901316354003321329e+00,-2.630224628528850861e+00,1.000000000000000000e+00
2.661070944803167748e+00,2.792153239500481998e+00,0.000000000000000000e+00
3.248637980283286542e+00,3.893540965806687293e+00,0.000000000000000000e+00
-3.793680711485154067e+00,-1.544057809250879210e+00,1.000000000000000000e+00
-2.323487821093048744e+00,-2.121652692564549358e+00,1.000000000000000000e+00
-5.148272881210258944e+00,-3.098467374969793298e-01,1.000000000000000000e+00
2.155988659462862778e+00,3.159496440544053986e+00,0.000000000000000000e+00
-3.508760903376762830e+00,-4.316370519419910678e+00,1.000000000000000000e+00
-2.845082245472392302e+00,-4.113836952788386903e+00,1.000000000000000000e+00
3.999378865209611611e+00,1.712778895025006243e+00,0.000000000000000000e+00
-2.042574200096978210e+00,-1.486686051809502196e+00,1.000000000000000000e+00
-1.018819954736035927e+00,-7.486017998382825667e-01,1.000000000000000000e+00
-1.210519218411181486e+00,-2.339941166949270457e+00,1.000000000000000000e+00
-3.334734687034905498e+00,-1.828063270858481637e+00,1.000000000000000000e+00
3.131344016408527775e+00,2.171537819944504122e+00,0.000000000000000000e+00
-3.888223447126775589e+00,-1.504346273161399239e+00,1.000000000000000000e+00
-1.544717939135906937e+00,3.071451423927467062e-01,1.000000000000000000e+00
4.064882789521521822e+00,4.702135271539819250e+00,0.000000000000000000e+00
2.945866428502194712e+00,1.368791299864148048e+00,0.000000000000000000e+00
-3.258567544154947537e+00,6.291184841708563624e-02,1.000000000000000000e+00
2.204655695970009877e+00,2.811986593114537580e+00,0.000000000000000000e+00
-2.610040540361907357e+00,-1.344446968446821433e+00,1.000000000000000000e+00
3.746407474382412950e+00,2.649366402242218754e+00,0.000000000000000000e+00
3.885387762157441749e+00,3.589716013258137828e+00,0.000000000000000000e+00
3.535666915014058276e+00,1.833803077501069856e+00,0.000000000000000000e+00
-5.331171548073512234e-01,-4.304065982981066796e+00,1.000000000000000000e+00
4.000900285183904614e+00,2.933807021966320594e+00,0.000000000000000000e+00
-5.168788634659181369e+00,-6.517858666681188851e+00,1.000000000000000000e+00
1.837934467773804759e+00,2.302176112030338562e+00,0.000000000000000000e+00
-2.856542877156323712e+00,-2.609795686588195274e+00,1.000000000000000000e+00
1.450723912404671800e+00,2.435173338230905316e+00,0.000000000000000000e+00
2.239037628534010338e+00,3.343617683864395840e+00,0.000000000000000000e+00
-4.307617091122281749e+00,-2.496148660931618579e+00,1.000000000000000000e+00
3.999468171374485959e+00,3.041982031355143778e+00,0.000000000000000000e+00
2.399245241144314811e+00,4.102088090531691655e+00,0.000000000000000000e+00
-4.176939793967031633e+00,-5.467738323171512427e+00,1.000000000000000000e+00
4.695220730006268717e-01,-4.394234421615275998e+00,1.000000000000000000e+00
-4.449152843664340828e+00,-6.005815433601949138e+00,1.000000000000000000e+00
3.669232095365935642e+00,2.926603380875500982e+00,0.000000000000000000e+00
1.438646911230488490e+00,2.796453550058149773e+00,0.000000000000000000e+00
3.484424299182303564e+00,3.178028297057786222e+00,0.000000000000000000e+00
3.945798988824674947e+00,2.855145469529750013e+00,0.000000000000000000e+00
3.715305279117031567e+00,2.972003893190636958e+00,0.000000000000000000e+00
4.062762544168133871e+00,2.420676301006813969e+00,0.000000000000000000e+00
-2.014472602687016778e+00,-4.179341984560287493e+00,1.000000000000000000e+00
-3.052204259141987119e+00,9.644918330882155111e-01,1.000000000000000000e+00
-3.878711745565353031e+00,-1.062318745913201745e+00,1.000000000000000000e+00
1.485326219068370257e+00,2.150083542063403463e+00,0.000000000000000000e+00
-2.478505880367063874e+00,-6.984295166537114241e+00,1.000000000000000000e+00
-4.675784079193289422e+00,-2.951702020986355368e+00,1.000000000000000000e+00
-2.277930806796074847e+00,-4.062245178361427733e+00,1.000000000000000000e+00
1.910993749628055349e+00,5.191922042785968472e+00,0.000000000000000000e+00
2.878486963211508431e+00,4.294669339559405330e+00,0.000000000000000000e+00
-4.437867252156993736e+00,-1.848237624474144081e+00,1.000000000000000000e+00
2.878457236043525658e+00,4.161236720622424556e+00,0.000000000000000000e+00
-2.570348133821270586e+00,-3.671278988154793588e+00,1.000000000000000000e+00
3.927879005341702090e+00,3.333576925904691901e+00,0.000000000000000000e+00
-1.715093420367461929e+00,-4.278829633835128377e-01,1.000000000000000000e+00
-3.045628057150006729e+00,-7.663486920818871617e-01,1.000000000000000000e+00
-1.663098979643256481e+00,-5.112248689372113297e+00,1.000000000000000000e+00
3.400383907743135037e+00,4.105092049358662010e+00,0.000000000000000000e+00
-1.066404603532423057e+00,-3.340913730013479466e+00,1.000000000000000000e+00
2.400757713815050209e+00,3.949405616853554069e+00,0.000000000000000000e+00
-3.635314081329139135e+00,2.204614026136501259e+00,1.000000000000000000e+00
2.221477681047871133e+00,2.424821797436989446e+00,0.000000000000000000e+00
-4.301735398819237055e+00,-7.011421952751065945e+00,1.000000000000000000e+00
-1.263412301014792183e+00,-5.246415147864571971e+00,1.000000000000000000e+00
2.666720690206425992e+00,2.031106756321670925e+00,0.000000000000000000e+00
-3.719854796466384173e+00,-2.922101032406702714e+00,1.000000000000000000e+00
3.056275218064198551e+00,1.690308817434824862e+00,0.000000000000000000e+00
3.363786801209201816e+00,3.771526105478758772e+00,0.000000000000000000e+00
2.411679937099258098e+00,3.507149063271301603e+00,0.000000000000000000e+00
-1.456418818015563721e+00,-1.509000729395216567e+00,1.000000000000000000e+00
3.414257780509897255e+00,2.370202143239518389e+00,0.000000000000000000e+00
2.238479542035452852e+00,4.416447570583676097e+00,0.000000000000000000e+00
-2.427420517221212215e+00,-4.762940043936451318e+00,1.000000000000000000e+00
-4.578588327336916564e+00,-2.461166553688814318e+00,1.000000000000000000e+00
-4.318022469259938489e+00,-5.431802368688686045e+00,1.000000000000000000e+00
3.187110064596142323e+00,2.031331419304728936e+00,0.000000000000000000e+00
-1.856552146066161368e+00,-3.885871195147080570e+00,1.000000000000000000e+00
4.025502286453315648e+00,2.424220964012689716e+00,0.000000000000000000e+00
-3.880216264109463520e+00,-1.777926031891970737e+00,1.000000000000000000e+00
-3.260464856492283570e+00,-1.343835916902859973e+00,1.000000000000000000e+00
2.959951501879151348e+00,3.712303356260298504e+00,0.000000000000000000e+00
3.043234151307367963e+00,2.912167640367993915e+00,0.000000000000000000e+00
2.029379234796986786e+00,2.787737235082340614e+00,0.000000000000000000e+00
3.148317940237692625e+00,2.561574011263166639e+00,0.000000000000000000e+00
2.221442554423841198e+00,1.732637606658326890e+00,0.000000000000000000e+00
-3.939981588655505185e+00,-1.767785237092156958e+00,1.000000000000000000e+00
1.941655761152867532e+00,3.789928669098371117e+00,0.000000000000000000e+00
-2.751889583154313534e+00,-3.123909588574520058e+00,1.000000000000000000e+00
-3.428690907547600641e+00,-4.731943112848220778e+00,1.000000000000000000e+00
-4.005351065384592069e+00,-2.614444911306474495e+00,1.000000000000000000e+00
-3.129600926900467428e+00,-3.304134527416420219e-01,1.000000000000000000e+00
3.277609986926932173e+00,3.016913292211611086e+00,0.000000000000000000e+00
1.705831456540836344e+00,1.657961493255154073e+00,0.000000000000000000e+00
-4.883778546085696171e+00,-1.653870191029078507e+00,1.000000000000000000e+00
-4.810366416894511055e+00,-5.434509191759847369e+00,1.000000000000000000e+00
2.558045997413373573e+00,3.851648102100612370e+00,0.000000000000000000e+00
3.313667386876615328e+00,3.823716516468604887e+00,0.000000000000000000e+00
1.577733003739883788e+00,2.487937075014878818e+00,0.000000000000000000e+00
-2.841205553855038257e+00,-5.370961401375109467e-01,1.000000000000000000e+00
4.222888946405629618e+00,2.572225512540005088e+00,0.000000000000000000e+00
-4.141255858372541176e+00,-3.822018090831167392e+00,1.000000000000000000e+00
-1.825423414897471286e+00,-3.878026807367418893e+00,1.000000000000000000e+00
2.493495014320693759e+00,2.725994117998314703e+00,0.000000000000000000e+00
3.353183293022852229e+00,1.951446858797242889e+00,0.000000000000000000e+00
3.466429006775293864e+00,3.526028864905981663e+00,0.000000000000000000e+00
2.250328265575218367e+00,2.599860881147991964e+00,0.000000000000000000e+00
-1.887265205841270443e+00,-4.212321360856696728e-01,1.000000000000000000e+00
-4.276721506276841112e+00,-6.187749703013085245e+00,1.000000000000000000e+00
-2.488518196886123413e+00,-3.966873315470920147e-01,1.000000000000000000e+00
-3.880963606455372084e+00,-2.158967493389758907e+00,1.000000000000000000e+00
1.431648646707402550e+00,2.597445090165356518e+00,0.000000000000000000e+00
-3.882129716075891412e+00,-1.779363327542150097e+00,1.000000000000000000e+00
7.775713006400533089e-01,2.329559877954621605e+00,0.000000000000000000e+00
-5.271535890770895350e+00,-1.974574683953522980e+00,1.000000000000000000e+00
-3.639849537008244873e+00,-5.368220052046035029e+00,1.000000000000000000e+00
2.876999785755779193e+00,3.089919182673057207e+00,0.000000000000000000e+00
-3.503115490022304268e+00,-1.578358861348858611e+00,1.000000000000000000e+00
-5.036741522915439973e+00,-8.879738844176672252e-01,1.000000000000000000e+00
-2.740210664488214043e+00,-7.692420522285615014e+00,1.000000000000000000e+00
2.679665226795875377e+00,2.400999415811550630e+00,0.000000000000000000e+00
-1.449805366039643495e+00,-2.552054088679269750e+00,1.000000000000000000e+00
4.787871715077596235e+00,3.681546675105530575e+00,0.000000000000000000e+00
-3.727354336561779391e+00,-4.263779931007509738e-01,1.000000000000000000e+00
2.665303909427759077e+00,1.883238655457976973e+00,0.000000000000000000e+00
2.437197999887116939e+00,2.365378431673440751e+00,0.000000000000000000e+00
-4.666516076576652239e+00,-3.735851031303507597e+00,1.000000000000000000e+00
-3.479681662539531040e+00,-2.842689541860009328e+00,1.000000000000000000e+00
-3.944762308841244902e+00,-4.069413697800717600e+00,1.000000000000000000e+00
-6.257059159231603829e-02,-2.353285663481404111e+00,1.000000000000000000e+00
-4.675107725523098168e+00,-2.925068966738229026e+00,1.000000000000000000e+00
-2.941405333489233609e+00,-4.667864657090463609e+00,1.000000000000000000e+00
-1.665594165289423501e+00,-3.752792168258320515e+00,1.000000000000000000e+00
2.780121778558046763e+00,1.280860125497740531e+00,0.000000000000000000e+00
-3.496611932690104396e+00,-4.654893160252736806e+00,1.000000000000000000e+00
-2.768448430792941561e+00,-5.355246452559807580e+00,1.000000000000000000e+00
-2.295979066307897387e+00,-5.920764952322149277e+00,1.000000000000000000e+00
3.017672005999208373e+00,2.822446685568522184e+00,0.000000000000000000e+00
1.249376096918513257e+00,4.407836816148051895e+00,0.000000000000000000e+00
1.620585023737447949e+00,3.351783714316273421e+00,0.000000000000000000e+00
-3.407166833340103285e+00,-2.851220448268530383e+00,1.000000000000000000e+00
-3.591293539594896167e+00,-3.190571466145277313e+00,1.000000000000000000e+00
-1.815261787043814357e+00,-1.315147653925712312e+00,1.000000000000000000e+00
-3.285220623140313823e+00,-7.459007685142061916e+00,1.000000000000000000e+00
-1.941600858072395352e+00,-2.495941962035938211e+00,1.000000000000000000e+00
7.770691668553060261e-01,-1.657773134326842257e+00,1.000000000000000000e+00
2.328603000983031635e+00,1.971030137137381066e+00,0.000000000000000000e+00
9.810612581614486238e-01,2.936041098601084531e+00,0.000000000000000000e+00
-2.457890083226986100e+00,-1.701462331636382830e+00,1.000000000000000000e+00
-3.850269725343750338e+00,-2.731696037661153653e+00,1.000000000000000000e+00
-3.800518946417792421e+00,-3.429271350811473162e+00,1.000000000000000000e+00
3.505987215558715064e+00,3.283613639852886124e+00,0.000000000000000000e+00
-1.617783721379639772e-02,-4.286490932478669080e+00,1.000000000000000000e+00
-2.031965697145542649e+00,-8.112610116085999579e+00,1.000000000000000000e+00
-2.436157296720291576e+00,1.651905944616546940e+00,1.000000000000000000e+00
-3.373910355725774579e+00,-2.050108218489111067e+00,1.000000000000000000e+00
2.505635594147477274e+00,1.900541202676880870e+00,0.000000000000000000e+00
-4.404005307755790355e+00,-3.080788304278061496e+00,1.000000000000000000e+00
-8.310100769846577862e-01,-3.194806379123510620e+00,1.000000000000000000e+00
-2.232653545685307606e+00,-9.261649262457236631e-01,1.000000000000000000e+00
5.465496861502790793e+00,3.360858912852822566e+00,0.000000000000000000e+00
-2.956337984486403947e+00,-8.911255154281009894e+00,1.000000000000000000e+00
-3.145542241258251437e+00,-5.280331221048924384e+00,1.000000000000000000e+00
4.076441171483123682e+00,1.763583234553401713e+00,0.000000000000000000e+00
1.614691489797596136e+00,3.731201499001284283e+00,0.000000000000000000e+00
2.913605288365990642e+00,3.573040584197633596e+00,0.000000000000000000e+00
2.943293952106774025e+00,2.388421396702719246e+00,0.000000000000000000e+00
-1.714278738062886331e+00,5.971181838586518964e-01,1.000000000000000000e+00
1.448222151333646401e+00,4.357439881454092223e+00,0.000000000000000000e+00
3.456103535894571088e+00,3.732260530769460072e+00,0.000000000000000000e+00
-3.965555117540362495e+00,1.062331871312540699e-01,1.000000000000000000e+00
-2.735709901529041588e+00,-6.926423399777771550e+00,1.000000000000000000e+00
2.942727635328206581e+00,2.310405747079132155e+00,0.000000000000000000e+00
-3.300990281892644873e+00,-4.487922858874703103e+00,1.000000000000000000e+00
-4.175773345252123292e+00,-3.449854244753109977e+00,1.000000000000000000e+00
-1.270876210454515931e+00,-1.927988386825062239e+00,1.000000000000000000e+00
-5.134795027261050748e+00,-3.459450087465267831e+00,1.000000000000000000e+00
-4.286160772446454992e+00,-4.792968677817833090e+00,1.000000000000000000e+00
2.148933637080254755e+00,4.252013645944034081e+00,0.000000000000000000e+00
1.752845380140842790e+00,2.838088798897973497e+00,0.000000000000000000e+00
-3.137472434973462398e+00,-2.823758992276111712e+00,1.000000000000000000e+00
-3.089241671532386935e+00,-6.217362352256318836e+00,1.000000000000000000e+00
2.572626621988897799e+00,2.441769639451156770e+00,0.000000000000000000e+00
4.281274600659237706e+00,2.437861260643808592e+00,0.000000000000000000e+00
-3.823208187584830053e+00,-6.339610917541236290e+00,1.000000000000000000e+00
3.623794033935792136e+00,2.854141772643582708e+00,0.000000000000000000e+00
3.236356047136846215e+00,3.101938482323493229e+00,0.000000000000000000e+00
-1.799007035476388516e+00,3.332137373791850266e-01,1.000000000000000000e+00
-4.765563312081725122e+00,-4.322446070615717950e+00,1.000000000000000000e+00
3.330619366877333398e+00,1.475955986747677029e+00,0.000000000000000000e+00
1.784007260337400202e+00,2.609523277015887377e+00,0.000000000000000000e+00
-3.623839843337307354e+00,-9.328409020616601488e-01,1.000000000000000000e+00
-2.352950310994096572e+00,-5.574543421249154029e-01,1.000000000000000000e+00
2.102150688363446207e+00,5.240429349979865314e+00,0.000000000000000000e+00
-2.372545019135664734e+00,-2.650286087977819172e+00,1.000000000000000000e+00
4.381418781234249771e+00,4.225848827374325545e+00,0.000000000000000000e+00
-5.130080538135231905e+00,-5.439262340625809600e+00,1.000000000000000000e+00
-3.605435204726466836e+00,-5.932501943240991338e+00,1.000000000000000000e+00
-8.523814944026124607e-01,-1.024683356918669297e+00,1.000000000000000000e+00
-1.704826223032938959e+00,-2.342944513338887091e+00,1.000000000000000000e+00
2.337893698756277061e+00,1.636326567540689725e+00,0.000000000000000000e+00
1.638095248049191488e+00,2.987760900844840695e+00,0.000000000000000000e+00
-3.384298570507705328e+00,-5.061780367026928573e+00,1.000000000000000000e+00
2.776604169847610049e+00,3.076871344779724016e+00,0.000000000000000000e+00
-5.182113761106304395e+00,-5.091392597300961498e+00,1.000000000000000000e+00
3.947150460202305755e+00,3.432637169102227492e+00,0.000000000000000000e+00
-3.517640491096331701e+00,-5.718749784422003657e-01,1.000000000000000000e+00
2.550774224181906025e+00,5.137213845515645971e+00,0.000000000000000000e+00
-2.903492556519276402e+00,-5.684307639222959452e+00,1.000000000000000000e+00
-3.060249185771230174e+00,-4.666841045535516486e+00,1.000000000000000000e+00
4.239568083526497944e+00,3.216271094737999547e+00,0.000000000000000000e+00
-2.742492998455422715e+00,-1.045078546014232224e+00,1.000000000000000000e+00
-8.352725511090359767e-01,-6.085585186282573389e+00,1.000000000000000000e+00
-4.382995025644394360e+00,-1.119212832013618764e+00,1.000000000000000000e+00
2.308496125206159988e+00,2.580203131830827168e+00,0.000000000000000000e+00
-2.094718851969081364e+00,-7.661524919750394069e+00,1.000000000000000000e+00
-2.828976057711927172e+00,-6.983464168527346416e+00,1.000000000000000000e+00
3.327976457595851922e+00,1.958071809840849165e+00,0.000000000000000000e+00
-3.996436580248236670e+00,1.376283019949471331e+00,1.000000000000000000e+00
-3.033707437075599422e+00,-5.034702456844098784e+00,1.000000000000000000e+00
-3.579426433800411367e+00,-6.729977530601736646e+00,1.000000000000000000e+00
-2.549721389810035710e+00,-3.625361290277197668e+00,1.000000000000000000e+00
3.163343295995764581e+00,2.075327561684777056e+00,0.000000000000000000e+00
-2.292204734260272048e+00,-8.035575884868711327e+00,1.000000000000000000e+00
2.175235771264189211e+00,2.143683426765142563e+00,0.000000000000000000e+00
3.459664415464909659e+00,3.888975007424090080e+00,0.000000000000000000e+00
3.477236394366513217e+00,4.239543897190984900e+00,0.000000000000000000e+00
-3.449373785528717207e+00,-4.963204967331052764e+00,1.000000000000000000e+00
-4.377220922090348409e+00,-2.811857532358290612e+00,1.000000000000000000e+00
-1.847285317665011695e+00,-2.279093275778713235e+00,1.000000000000000000e+00
2.482490103041298468e+00,1.504362123305248433e+00,0.000000000000000000e+00
2.417893628245323612e+00,2.220984019633932771e+00,0.000000000000000000e+00
1.486976611683951122e+00,3.653823473199574678e+00,0.000000000000000000e+00
2.154670242287748394e+00,2.547307889979324003e+00,0.000000000000000000e+00
3.230183600759383378e+00,3.227371451663211044e+00,0.000000000000000000e+00
-6.374254283067832816e-01,-1.647748306455716127e+00,1.000000000000000000e+00
-4.126509720910840784e+00,-5.069798895266031558e+00,1.000000000000000000e+00
-5.283523652165549755e+00,-1.008457026478231544e+00,1.000000000000000000e+00
3.005858578552752292e+00,3.437729776067103060e+00,0.000000000000000000e+00
-3.363989367171893452e+00,-5.290751857038481276e+00,1.000000000000000000e+00
-1.856064798595934429e+00,-3.260470423591413258e+00,1.000000000000000000e+00
-2.733706442641401058e+00,-2.041402020397007799e+00,1.000000000000000000e+00
3.528900700571155902e+00,1.510479416967644317e+00,0.000000000000000000e+00
2.878232707047096550e+00,9.544001555813688142e-01,0.000000000000000000e+00
2.397656388871530986e+00,1.692189677370407708e+00,0.000000000000000000e+00
3.826112995423900376e+00,3.098819061193504698e+00,0.000000000000000000e+00
2.638258360656224877e+00,3.923249775792891914e+00,0.000000000000000000e+00
-6.625638057369966916e+00,-2.688585475251720869e+00,1.000000000000000000e+00
-3.129308713566473443e+00,-3.639330158931203929e+00,1.000000000000000000e+00
2.963541819392059740e+00,1.865992417811464410e+00,0.000000000000000000e+00
2.675319774881286694e+00,3.101638337688767066e+00,0.000000000000000000e+00
-4.229867573506417955e+00,-1.756116347044398118e+00,1.000000000000000000e+00
2.803927439869916327e+00,3.329374704235368299e+00,0.000000000000000000e+00
3.669557628696399121e+00,2.496446656629091709e+00,0.000000000000000000e+00
3.527321533319770275e+00,1.860720084034899413e+00,0.000000000000000000e+00
3.182896399959903366e+00,4.951754988170305793e+00,0.000000000000000000e+00
3.899316345733810252e+00,2.444746867106477595e+00,0.000000000000000000e+00
1.899814758696916961e+00,2.853705321613450252e+00,0.000000000000000000e+00
-4.990071475961349812e+00,-1.713381440002716971e-01,1.000000000000000000e+00
-2.550227107120397907e+00,-1.896516332532356408e-01,1.000000000000000000e+00
1.607210423644855890e+00,1.690852985018684862e+00,0.000000000000000000e+00
2.626160140273071431e+00,1.782094293491255366e+00,0.000000000000000000e+00
-2.786312732022943273e+00,-6.029973808084875486e+00,1.000000000000000000e+00
3.122386742314052110e+00,5.201340310883836970e+00,0.000000000000000000e+00
2.775096665279833452e+00,2.200684266762472419e+00,0.000000000000000000e+00
3.220638180197783029e+00,2.166574341808899629e+00,0.000000000000000000e+00
4.254066723692174534e+00,2.472446457996265945e+00,0.000000000000000000e+00
3.643658894560199091e+00,2.212388444239275387e+00,0.000000000000000000e+00
2.550199973686251287e+00,3.905474786688337918e+00,0.000000000000000000e+00
4.151685670885540524e+00,2.543614392426689630e+00,0.000000000000000000e+00
3.268820060104344893e+00,2.989613558948435834e+00,0.000000000000000000e+00
2.272420219525052243e+00,1.460388036136772261e+00,0.000000000000000000e+00
-4.038434866486463548e+00,-4.517519562291093749e+00,1.000000000000000000e+00
-3.085922508920150964e+00,5.270134113540922982e-01,1.000000000000000000e+00
2.675089752893389683e+00,1.969580104838932977e+00,0.000000000000000000e+00
3.540716250762149464e+00,3.134529713216145375e+00,0.000000000000000000e+00
-3.808689984676739915e+00,-3.893008670105238433e+00,1.000000000000000000e+00
4.593974015545549960e-01,3.747605771604053171e+00,0.000000000000000000e+00
3.456008044664050427e+00,4.601417046694455948e+00,0.000000000000000000e+00
3.969844977549485066e+00,2.358734429705807489e+00,0.000000000000000000e+00
-3.659550681812434370e+00,-6.505080077290147145e+00,1.000000000000000000e+00
1.419017000840697929e+00,1.990179795379469319e+00,0.000000000000000000e+00
-3.720168491853094839e+00,-8.748113947613576080e-01,1.000000000000000000e+00
2.850637377282864815e+00,1.142311711671241348e+00,0.000000000000000000e+00
3.289388350213135581e+00,3.566470062624672366e+00,0.000000000000000000e+00
2.893876906924530701e+00,1.842630740242226173e+00,0.000000000000000000e+00
-4.584849968385028340e+00,-1.094960990874944695e+00,1.000000000000000000e+00
1.531890931883239881e+00,3.433457184098299475e+00,0.000000000000000000e+00
4.026141264997763258e+00,4.183888022984192823e+00,0.000000000000000000e+00
3.128978880908007909e+00,5.133942464461082267e+00,0.000000000000000000e+00
-2.383671264145645452e+00,-2.958849541791165105e+00,1.000000000000000000e+00
2.975123551900849428e+00,3.977826072848228645e+00,0.000000000000000000e+00
-4.514756857609100393e+00,-5.785706818423490105e+00,1.000000000000000000e+00
2.673632014015615344e+00,2.531942261603769673e+00,0.000000000000000000e+00
3.428100240421223077e+00,4.360306800622355539e+00,0.000000000000000000e+00
2.596167417440841785e+00,2.810147052803930290e+00,0.000000000000000000e+00
-1.299981044228746718e+00,-1.266844309042123973e+00,1.000000000000000000e+00
1.540832223204360307e+00,2.594176478486303061e+00,0.000000000000000000e+00
2.670677768946057906e+00,2.872047654701287200e+00,0.000000000000000000e+00
-2.452712428863553118e+00,-1.310357454960927814e+00,1.000000000000000000e+00
2.525176646397732316e+00,4.000639202097407754e+00,0.000000000000000000e+00
-3.491940953755791277e+00,-2.112710387342387364e+00,1.000000000000000000e+00
-2.803077938757331466e+00,-2.953727218734468529e+00,1.000000000000000000e+00
2.717490328453701309e+00,2.137930524591009629e+00,0.000000000000000000e+00
-1.796338550787027533e+00,-2.265142153536451097e+00,1.000000000000000000e+00
-2.556342235051814349e+00,-5.906405945630417875e+00,1.000000000000000000e+00
-2.763346924800261117e+00,-1.503642536974338917e+00,1.000000000000000000e+00
2.950092927492658390e+00,3.296595060560172818e+00,0.000000000000000000e+00
-4.550787055381845470e+00,-1.744468794429010261e+00,1.000000000000000000e+00
-6.024121135642808156e+00,-2.506466402027418106e+00,1.000000000000000000e+00
3.494874359486425774e+00,2.796367968650154356e+00,0.000000000000000000e+00
4.547240822569064811e+00,3.649741530735038264e+00,0.000000000000000000e+00
-3.177731812991929861e+00,2.308212503119091430e+00,1.000000000000000000e+00
4.170200373651581138e+00,2.818881529134197095e+00,0.000000000000000000e+00
-2.894310452452333315e+00,-3.162195473527389833e+00,1.000000000000000000e+00
-3.455107892730484132e+00,-4.159893599669633346e+00,1.000000000000000000e+00
1.217794287026974898e+00,1.261902101721242175e+00,0.000000000000000000e+00
3.299836753269063561e+00,2.743678889807314114e+00,0.000000000000000000e+00
-2.994527351206302868e+00,2.795227697724557814e+00,1.000000000000000000e+00
2.753546126318996201e+00,1.962713383308231307e+00,0.000000000000000000e+00
-4.131784228328151620e+00,-1.224703971371691624e+00,1.000000000000000000e+00
-3.176455229532594515e+00,-5.984857631726512750e+00,1.000000000000000000e+00
3.942105999957525420e+00,3.802001287813952857e+00,0.000000000000000000e+00
-2.840398052152945940e+00,1.646810479460692811e+00,1.000000000000000000e+00
3.918572307375868036e+00,2.276548755079430553e+00,0.000000000000000000e+00
-2.736380345713176343e+00,-2.669092538427736194e+00,1.000000000000000000e+00
3.370124151612195806e+00,2.438992885335623306e+00,0.000000000000000000e+00
3.404057051705969617e+00,2.165343037193962150e+00,0.000000000000000000e+00
-2.672073685878567861e+00,-3.400773015199245464e+00,1.000000000000000000e+00
3.037388258644394323e+00,3.226715288993929676e+00,0.000000000000000000e+00
5.765908692355679932e+00,3.225403660157099672e+00,0.000000000000000000e+00
-3.194470845962201100e+00,-4.153570335055417395e+00,1.000000000000000000e+00
2.795487330149327487e+00,3.269838602189014676e+00,0.000000000000000000e+00
-2.738789632495975734e+00,-3.071190030849367592e+00,1.000000000000000000e+00
2.764677714845326761e+00,3.628357850285678143e+00,0.000000000000000000e+00
2.932135768400886189e+00,3.429415643894134558e+00,0.000000000000000000e+00
3.565235642457593279e+00,3.776083465056690347e+00,0.000000000000000000e+00
4.509047173323924795e+00,3.162198479830674369e+00,0.000000000000000000e+00
-3.052609274965884634e+00,1.772421079466299787e-01,1.000000000000000000e+00
3.086581609843616736e+00,2.816967927450403142e+00,0.000000000000000000e+00
4.049031099205147477e+00,2.644105783677823673e+00,0.000000000000000000e+00
3.470383956369756273e+00,1.697801607187718442e+00,0.000000000000000000e+00
3.225534267283724610e+00,1.955062425621293842e+00,0.000000000000000000e+00
-2.092170847802945044e+00,-4.492294923223401071e+00,1.000000000000000000e+00
-5.427160117434583597e+00,-3.939133636546003459e+00,1.000000000000000000e+00
2.286162337416882018e+00,1.429676163942440903e+00,0.000000000000000000e+00
-1.839573497529018997e+00,-8.796048724273489938e+00,1.000000000000000000e+00
2.614124668357430181e+00,5.300375762554048187e-01,0.000000000000000000e+00
-2.138092438351055335e+00,2.288780288227298954e-01,1.000000000000000000e+00
-2.559946612438185554e+00,-2.018241468006792605e+00,1.000000000000000000e+00
1.549683086105118734e+00,3.788699757607892238e+00,0.000000000000000000e+00
2.886465514607625682e+00,2.864387631261969602e+00,0.000000000000000000e+00
3.335839645989881141e+00,3.052787209186099471e+00,0.000000000000000000e+00
-1.497622285887611149e+00,-2.469694274469224293e+00,1.000000000000000000e+00
1.389825664809688499e+00,4.314088222734755007e+00,0.000000000000000000e+00
-3.467709260675188254e+00,-5.135325397210994680e+00,1.000000000000000000e+00
2.862991610332809689e+00,4.579792238438719743e+00,0.000000000000000000e+00
-1.970852589979631864e+00,-3.818686696841597783e+00,1.000000000000000000e+00
-1.763610823665416216e+00,-5.203344293582847335e+00,1.000000000000000000e+00
1.712621593685159649e+00,3.539351866410402891e+00,0.000000000000000000e+00
1.959060834431966436e+00,3.233728475545210923e+00,0.000000000000000000e+00
-4.437418786340387555e+00,-1.482856253592957474e+00,1.000000000000000000e+00
-5.032877527999670697e+00,-3.079716885914271618e+00,1.000000000000000000e+00
-2.259414421112108773e+00,-4.249101716150205377e-02,1.000000000000000000e+00
-4.707785663935605491e+00,-3.957482575589725382e+00,1.000000000000000000e+00
-2.475761346187522527e+00,-3.769360675574882968e+00,1.000000000000000000e+00
1.927737754349648558e+00,3.765795699669536312e+00,0.000000000000000000e+00
2.144647288879042435e+00,4.409779898162144107e+00,0.000000000000000000e+00
3.752646673987147352e+00,3.148174750294237434e+00,0.000000000000000000e+00
3.329843741828895975e+00,5.198464145630191879e+00,0.000000000000000000e+00
5.246830115849164144e+00,3.317485317703007919e+00,0.000000000000000000e+00
3.738856667500031428e+00,3.195294802940170431e+00,0.000000000000000000e+00
2.455137289756062380e+00,2.083965742014988187e+00,0.000000000000000000e+00
3.229365802300086408e+00,4.241660609436872953e+00,0.000000000000000000e+00
-2.627503362702327649e+00,-5.928542658647892871e+00,1.000000000000000000e+00
2.222843408789153319e+00,4.984567297996163049e+00,0.000000000000000000e+00
-1.707663764214750080e+00,-1.860902755778489404e+00,1.000000000000000000e+00
1.793605665199703658e+00,1.326156737524331053e+00,0.000000000000000000e+00
-4.893210908732905651e+00,-6.153504825305629922e+00,1.000000000000000000e+00
2.602222506940258917e+00,2.698883428485049585e+00,0.000000000000000000e+00
1.971405013636449155e-01,-5.601868304053046366e+00,1.000000000000000000e+00
3.054591992550200974e+00,3.310392340450169169e+00,0.000000000000000000e+00
-3.708216838182704311e+00,-1.871568573161554117e+00,1.000000000000000000e+00
-3.617542175761821799e+00,-1.379190392997370118e+00,1.000000000000000000e+00
2.953389628299242453e+00,2.902952939467425608e+00,0.000000000000000000e+00
-3.251610640767032656e+00,4.065631198498036447e-01,1.000000000000000000e+00
-4.717179484256512900e-01,-2.424619114753713944e+00,1.000000000000000000e+00
-1.802227918885843216e+00,-2.411674618667785097e-01,1.000000000000000000e+00
2.515857842236296715e+00,2.279501470240377081e+00,0.000000000000000000e+00
2.783583071315435920e+00,2.712666474796282756e+00,0.000000000000000000e+00
-4.089924325083654111e+00,-7.969032914203102891e+00,1.000000000000000000e+00
-3.384074668178165712e+00,-5.185170548284313341e+00,1.000000000000000000e+00
-3.413349159344888140e+00,1.277795263667628411e+00,1.000000000000000000e+00
2.341559026753285089e+00,2.596519773428620059e+00,0.000000000000000000e+00
1.357171599018632158e+00,9.162716756072240010e-01,0.000000000000000000e+00
-2.227872999174271840e-01,-1.347796020997254596e+00,1.000000000000000000e+00
-2.673077035087594755e+00,-7.422299421130091446e+00,1.000000000000000000e+00
4.584734825341064912e+00,4.371730979005072015e+00,0.000000000000000000e+00
3.454947182262604777e+00,3.856274361283568375e+00,0.000000000000000000e+00
4.825176488447453949e+00,3.531157528010866908e+00,0.000000000000000000e+00
-8.930849535630129843e-01,-4.284764980869906204e+00,1.000000000000000000e+00
2.274920825736612251e+00,2.837680923813830081e+00,0.000000000000000000e+00
-4.200270572291127991e+00,-2.545570672964599268e+00,1.000000000000000000e+00
3.202427333420343469e+00,2.932244516147322067e+00,0.000000000000000000e+00
-4.487025945511541103e+00,-1.153834163378668398e+00,1.000000000000000000e+00
-1.611941035323113169e+00,-1.374225048555945294e+00,1.000000000000000000e+00
-3.088322086872952621e+00,-5.237869651850924235e+00,1.000000000000000000e+00
4.639390284800526842e+00,3.358979866624738797e+00,0.000000000000000000e+00
-2.420894188380629419e+00,-2.460368612418932344e+00,1.000000000000000000e+00
3.742427244818595344e+00,2.878475559017836360e+00,0.000000000000000000e+00
-2.406846210860347668e+00,-5.261836255433282261e+00,1.000000000000000000e+00
1.379045240486612256e+00,4.671708737941207445e+00,0.000000000000000000e+00
-1.135198088409679729e+00,7.820299135950450342e-01,1.000000000000000000e+00
-3.641301118072292287e+00,-5.388415169104147751e+00,1.000000000000000000e+00
1.685903145192100050e+00,1.625731421123760345e+00,0.000000000000000000e+00
-3.037950688870826532e+00,-3.778544433364242394e+00,1.000000000000000000e+00
2.119519933553244417e+00,2.655665339413657122e+00,0.000000000000000000e+00
-1.872714964913565039e+00,-3.477021246136625443e+00,1.000000000000000000e+00
-3.744833282706975019e+00,-5.221645996125761080e+00,1.000000000000000000e+00
-3.865841957355935499e+00,-5.515650534772189140e+00,1.000000000000000000e+00
-1.070625571829704192e+00,-5.280757291958284583e+00,1.000000000000000000e+00
6.556242682055630766e-01,1.875528285882436919e+00,0.000000000000000000e+00
-6.418447501101582908e-01,-6.401546127149075005e+00,1.000000000000000000e+00
3.157802006786318838e+00,4.631249176228067199e+00,0.000000000000000000e+00
-3.234706756430951735e-01,-1.412908737022050554e+00,1.000000000000000000e+00
-2.841710323705527674e+00,-3.933777197678268500e+00,1.000000000000000000e+00
2.620870609822275821e+00,3.714690229305082969e+00,0.000000000000000000e+00
1.271805662038301588e+00,3.305867409934236445e+00,0.000000000000000000e+00
1.659259696301305986e+00,4.815867692731052863e-01,1.000000000000000000e+00
2.409937771797941330e+00,2.772771216732030197e+00,0.000000000000000000e+00
3.338838053338442080e+00,4.149277967779111620e+00,0.000000000000000000e+00
-3.602790548614227539e+00,-6.854515873881651622e+00,1.000000000000000000e+00
-4.066508456645194336e+00,-1.869933717315841459e+00,1.000000000000000000e+00
-2.379897488227774804e+00,-1.527560358153248643e+00,1.000000000000000000e+00
3.992723124005501667e+00,1.047014881299082933e+00,0.000000000000000000e+00
-1.467084834107672542e+00,-9.663795233866849799e+00,1.000000000000000000e+00
1.650490516959813414e+00,2.847863867672096205e+00,0.000000000000000000e+00
-1.746919636255761299e+00,-5.119313397185086600e+00,1.000000000000000000e+00
-2.099791284976332495e+00,-3.528575344060920660e+00,1.000000000000000000e+00
-4.951423033775964377e+00,-3.744200711286302496e+00,1.000000000000000000e+00
-6.200255558726818883e+00,-2.375000012364905100e+00,1.000000000000000000e+00
-4.049748206369845782e+00,-2.200791604032685367e+00,1.000000000000000000e+00
-5.093836046819809837e+00,-8.456476861273851675e-01,1.000000000000000000e+00
-4.192856408549527458e+00,-5.853732514085255190e+00,1.000000000000000000e+00
1.059212424031892974e+00,3.136408456087469876e+00,0.000000000000000000e+00
-4.816341715081136066e+00,-1.203108933559811744e+00,1.000000000000000000e+00
3.053633211030725825e+00,1.803026833148506869e+00,0.000000000000000000e+00
-4.175919514043199499e+00,-3.017826596270881900e+00,1.000000000000000000e+00
2.452621514457913321e+00,3.351913050799350202e+00,0.000000000000000000e+00
-6.185980783050265330e+00,-5.449605103813556894e+00,1.000000000000000000e+00
-3.839227275198316747e+00,-3.134619208443804261e+00,1.000000000000000000e+00
-2.731871992674545169e+00,-1.697073643318522507e+00,1.000000000000000000e+00
1.529767910553259780e+00,4.125321670765646154e+00,0.000000000000000000e+00
-1.906102975004007938e+00,-2.250842898167743744e+00,1.000000000000000000e+00
3.455679458680303462e+00,4.585001751367483891e+00,0.000000000000000000e+00
3.926726075226145252e+00,1.990950650710311409e+00,0.000000000000000000e+00
2.918855150141066002e+00,3.890231401882646267e+00,0.000000000000000000e+00
2.882727667091952828e+00,3.984753573808748506e+00,0.000000000000000000e+00
-2.325343233062977966e+00,-5.157539872306958983e+00,1.000000000000000000e+00
2.298348177327556474e+00,1.695741463106884561e+00,0.000000000000000000e+00
2.112315262763448498e+00,4.097164972306133635e+00,0.000000000000000000e+00
2.459456041586467467e+00,3.145952239105413106e+00,0.000000000000000000e+00
4.712696533497212847e+00,3.979564864954655334e+00,0.000000000000000000e+00
3.052817123263586563e+00,2.735092126073203289e+00,0.000000000000000000e+00
2.820250261642714751e+00,2.144173375280105098e+00,0.000000000000000000e+00
3.638308889872329033e+00,1.146259715167843751e+00,0.000000000000000000e+00
2.540715762532868460e+00,1.945735492700602087e+00,0.000000000000000000e+00
-3.920667954164757329e+00,-1.948629822771940745e+00,1.000000000000000000e+00
3.852120619310180683e+00,3.688153699431019561e+00,0.000000000000000000e+00
-4.879646810842624305e+00,-1.102659987770656436e+00,1.000000000000000000e+00
-3.612579147374184174e+00,1.780285536546086789e-01,1.000000000000000000e+00
-2.745426875876353368e+00,1.783673773128313655e-02,1.000000000000000000e+00
-2.130132219282431461e+00,-9.215389464829324417e-01,1.000000000000000000e+00
-3.487370625228815690e+00,-2.972913517015329798e+00,1.000000000000000000e+00
-1.978026155546377396e+00,-1.556458107786978573e+00,1.000000000000000000e+00
-1.948114788656064800e+00,-5.686232014173926430e-01,1.000000000000000000e+00
-2.797281148300930997e+00,-1.770500489856288828e+00,1.000000000000000000e+00
-2.596400276999791146e+00,-4.755621776220885444e+00,1.000000000000000000e+00
4.350519837194724460e+00,3.763303946289556556e+00,0.000000000000000000e+00
2.312700952812042576e+00,3.182848562996832609e+00,0.000000000000000000e+00
2.309759348579635940e+00,2.917314774720016768e+00,0.000000000000000000e+00
2.208168029083374950e+00,2.751186740732408431e+00,0.000000000000000000e+00
-2.409117967820514128e+00,-5.731544327476882472e+00,1.000000000000000000e+00
3.246335007309368414e+00,2.409697753217778349e+00,0.000000000000000000e+00
-2.635702382323358517e+00,-2.807546584744281315e+00,1.000000000000000000e+00
-5.139070447515895701e+00,-4.367915658448128013e+00,1.000000000000000000e+00
3.147761145642514080e+00,8.791958515323239354e-01,0.000000000000000000e+00
-1.823313956040473194e+00,-1.284788475648810602e+00,1.000000000000000000e+00
3.556639577301154542e+00,2.847726978830911637e+00,0.000000000000000000e+00
-2.404431678796199012e+00,-1.503333959616434790e+00,1.000000000000000000e+00
3.692730731133019084e+00,1.679605403641318606e+00,0.000000000000000000e+00
2.363926429733314460e+00,1.237474274544025254e+00,0.000000000000000000e+00
3.507227551307365410e+00,3.526677839814174042e+00,0.000000000000000000e+00
-2.835483426796233886e+00,-4.170271325941145690e+00,1.000000000000000000e+00
6.461205654746340343e-01,2.815123692917235854e+00,0.000000000000000000e+00
2.307968345135187782e+00,1.604822009210795875e+00,0.000000000000000000e+00
1.229233700837975007e-01,-5.927369917861832427e+00,1.000000000000000000e+00
4.353543385982911573e+00,3.131234164921605778e+00,0.000000000000000000e+00
2.485375054462398481e+00,2.487308088132218931e+00,0.000000000000000000e+00
-1.094046232148411013e+00,-1.130006054213690714e+00,1.000000000000000000e+00
2.249332647746522973e+00,3.503671078015661244e+00,0.000000000000000000e+00
2.691423397125784156e+00,3.235444782832359145e+00,0.000000000000000000e+00
-5.643459482202750621e+00,-4.641405317022886834e+00,1.000000000000000000e+00
2.014157930970147614e+00,3.274322878589374763e+00,0.000000000000000000e+00
-4.371375972402917753e+00,5.590602114144971324e-02,1.000000000000000000e+00
-4.235878995493189692e+00,-2.545692998365366222e+00,1.000000000000000000e+00
-4.243872718769718944e+00,-1.459609116083270486e+00,1.000000000000000000e+00
-1.704286498699989050e+00,-1.905106834272170868e+00,1.000000000000000000e+00
-3.623192893881531873e+00,2.924384429041251288e-01,1.000000000000000000e+00
-1.692126017796278026e+00,-1.582194402938678079e+00,1.000000000000000000e+00
-1.817424761988498227e+00,-2.666532504910930523e+00,1.000000000000000000e+00
2.144790675041742922e+00,1.605335698938993083e+00,0.000000000000000000e+00
-2.676645948457593072e+00,-6.613679829582268077e+00,1.000000000000000000e+00
2.694013637323126709e+00,1.806828215272815230e+00,0.000000000000000000e+00
1.002249504645761125e+00,3.776487718995203746e+00,0.000000000000000000e+00
-4.969941811973440871e+00,-4.219503298724696982e+00,1.000000000000000000e+00
-2.441575223884408175e+00,-4.932899442697691761e+00,1.000000000000000000e+00
2.731137579073876331e+00,2.085050119986958883e+00,0.000000000000000000e+00
2.633212840072696181e+00,1.240608333441586497e+00,0.000000000000000000e+00
2.560726215950709594e+00,1.925655222703814395e+00,0.000000000000000000e+00
-2.161211994261815317e+00,2.777552862533942957e-01,1.000000000000000000e+00
-3.268380538880082842e+00,7.142932412524585217e-01,1.000000000000000000e+00
-3.792360238185259469e+00,-4.705106643166502067e+00,1.000000000000000000e+00
-4.970702882969219694e+00,7.232917525878188592e-01,1.000000000000000000e+00
-9.775500803658005999e-01,-2.469086901816370361e+00,1.000000000000000000e+00
-3.841790088894698307e+00,-4.291485506563590846e+00,1.000000000000000000e+00
2.186287145133671395e+00,2.829382437979797604e+00,0.000000000000000000e+00
3.019403097043132256e+00,3.113067772937661459e+00,0.000000000000000000e+00
2.737974354742856775e+00,1.441798985794043197e+00,0.000000000000000000e+00
1.281901638959325851e+00,2.075880654502652245e+00,0.000000000000000000e+00
2.654158464149336982e+00,3.200220819781335102e+00,0.000000000000000000e+00
3.869875907602999821e+00,4.749603941833248300e+00,0.000000000000000000e+00
3.020133637852976616e+00,4.163748491772492066e+00,0.000000000000000000e+00
-1.739448155821393449e+00,-5.338317822596049922e+00,1.000000000000000000e+00
-3.070304622158845476e+00,-2.661356897131981647e+00,1.000000000000000000e+00
-2.221249704656748314e+00,-3.354196814430694396e+00,1.000000000000000000e+00
-5.614991194495351223e+00,-1.812833619420909148e+00,1.000000000000000000e+00
3.830066928860277997e+00,3.778762314112369847e+00,0.000000000000000000e+00
-2.585407711178919321e+00,-2.589610565719270063e+00,1.000000000000000000e+00
2.900235401956834380e+00,2.881976493486709145e+00,0.000000000000000000e+00
-3.481018067167517493e+00,-1.072394947633317219e+00,1.000000000000000000e+00
-4.876151368987275525e+00,-7.292182018794275855e+00,1.000000000000000000e+00
4.622517592522616070e+00,3.462697647818198998e+00,0.000000000000000000e+00
3.010968521230238171e+00,2.145569663989716602e+00,0.000000000000000000e+00
-3.498066446157051868e+00,-5.476244075626704344e+00,1.000000000000000000e+00
-2.778947370118999061e+00,-2.051897759892568729e+00,1.000000000000000000e+00
1.948771600550724070e+00,3.510181720671833538e+00,0.000000000000000000e+00
3.452552997096982601e+00,2.327371350326141730e+00,0.000000000000000000e+00
-2.435802375365055283e+00,-2.705950779384794114e+00,1.000000000000000000e+00
-9.129521763336581053e-01,-5.757311167813796260e+00,1.000000000000000000e+00
2.629300656879599352e+00,4.048507650245804612e+00,0.000000000000000000e+00
-4.558875769241814702e+00,-2.103539013692301118e+00,1.000000000000000000e+00
-4.294080622556951887e+00,-5.149241103922197027e+00,1.000000000000000000e+00
1.847458851361686527e+00,1.966781638872120208e+00,0.000000000000000000e+00
-3.671639843776954404e+00,-3.770003634458141129e+00,1.000000000000000000e+00
1.953596513423866643e+00,2.673424488595026016e+00,0.000000000000000000e+00
2.353406604235136257e+00,1.907727857941694749e+00,0.000000000000000000e+00
1.263061483664423612e+00,-5.574274767241780282e+00,1.000000000000000000e+00
2.428997010337021756e+00,2.558565039680733122e+00,0.000000000000000000e+00
-4.580758891165333857e+00,-5.468347645389258105e+00,1.000000000000000000e+00
1.158087542258557701e+00,3.522863905318548206e+00,0.000000000000000000e+00
