CPE,consumo_mean,consumo_std,consumo_min,consumo_max,consumo_median,consumo_q25,consumo_q75,n_registos,consumo_cv,consumo_iqr_norm,consumo_noite,consumo_manh√£,consumo_tarde,consumo_h00,consumo_h01,consumo_h02,consumo_h03,consumo_h04,consumo_h05,consumo_h06,consumo_h07,consumo_h08,consumo_h09,consumo_h10,consumo_h11,consumo_h12,consumo_h13,consumo_h14,consumo_h15,consumo_h16,consumo_h17,consumo_h18,consumo_h19,consumo_h20,consumo_h21,consumo_h22,consumo_h23,consumo_seg,consumo_ter,consumo_qua,consumo_qui,consumo_sex,consumo_sab,consumo_dom,consumo_dias_uteis,consumo_fim_semana,racio_weekend_util,hora_pico,valor_pico,hora_vale,valor_vale,racio_pico_vale,consumo_pico_tarde,consumo_noturno,racio_dia_noite,variabilidade_intra_dia_mean,variabilidade_inter_dia,amplitude_diaria_mean
PT0002000032936306KX,2.436972426857504,2.7791258108166357,0.0,30.756,0.0,0.0,5.356,38008,1.140401007491226,2.1978090276986046,4.639025894736842,0.2707483164983165,0.2009431818181818,5.166483544303797,5.1793240506329115,5.185277777777777,5.187030303030302,5.1811161616161625,5.166595959595959,4.263222222222223,1.4932752525252524,0.12728282828282828,0.0,0.003931818181818182,0.0,0.0,0.0,0.004202020202020202,0.0011161616161616161,0.015196969696969698,0.21147474747474748,0.9736691919191919,2.0374747474747474,3.078858585858586,4.844419191919192,5.191618686868686,5.1895858585858585,2.3331034734917733,2.4683341253884117,2.4173708645585816,2.6106034578918016,2.4071825957605055,2.418617532104969,2.40563190633004,2.4469075784901912,2.4120690100562783,0.985762205021487,22.0,5.191618686868686,9.0,0.0,4.5160501259924075,0.038664983164983166,5.177637966159485,0.2058627390621669,2.53369391235532,0.8307116970197851,5.306371859296482
PT0002000032942455NH,0.0908893879842785,0.131154080471549,0.0,2.86,0.06,0.02,0.108,32058,1.4430076313665492,0.9682098422229635,0.09236241108199177,0.08248502994011976,0.09634880239520958,0.09461954887218045,0.07809281437125748,0.06873353293413174,0.06497904191616766,0.06257784431137725,0.06355688622754492,0.06866167664670658,0.08345209580838324,0.08999401197604791,0.06891017964071856,0.06916467065868263,0.08886826347305389,0.09452095808383233,0.10095209580838323,0.09898203592814372,0.09569760479041917,0.09522155688622753,0.10224251497005989,0.08499700598802395,0.08715269461077844,0.08855089820359281,0.1481706586826347,0.15576646706586827,0.12749700598802396,0.1681388888888889,0.11119513783373126,0.0621080963750814,0.09353300841825432,0.07063267568166705,0.06643213897937025,0.06378376031263569,0.10128349455070687,0.0651078058842688,0.6428274041400994,22.0,0.15576646706586827,4.0,0.06257784431137725,2.489163197933113,0.09793612774451098,0.07209327810544325,1.2705232032972957,0.05478838278144005,0.0969649169842913,0.23167761194029848
PT0002000032959511HP,0.0,0.0,0.0,0.0,0.0,0.0,0.0,43666,1.0353788070890588,0.9415312805889822,0.0,0.0,0.0,0.0,0.0,0.0,0.0,0.0,0.0,0.0,0.0,0.0,0.0,0.0,0.0,0.0,0.0,0.0,0.0,0.0,0.0,0.0,0.0,0.0,0.0,0.0,0.0,0.0,0.0,0.0,0.0,0.0,0.0,0.0,0.0,0.0,0.7210261262610154,0.0,0.0,0.0,0.0,4.5160501259924075,0.0,0.0,1.7688416176953337,0.0,0.0,0.0
PT0002000032966446CC,0.09975576522904137,0.10513338481706187,0.0,2.244,0.084,0.028,0.144,35081,1.0539078576127743,1.1628400597565616,0.10349934513979842,0.08460730593607306,0.10739954337899545,0.09855829447035311,0.09322465753424658,0.08998904109589043,0.08827945205479452,0.08332876712328767,0.08085753424657535,0.08214794520547945,0.07912054794520548,0.0788958904109589,0.08412876712328768,0.0920904109589041,0.08712876712328767,0.08627945205479452,0.09162739726027398,0.0956191780821918,0.1070054794520548,0.1103123287671233,0.1111013698630137,0.12873150684931509,0.1246027397260274,0.117413698630137,0.1230958904109589,0.14106301369863014,0.11956986301369864,0.10104086538461539,0.09985654177519536,0.11995910342115611,0.10167881457749299,0.09357964335804447,0.08999719382641812,0.09186264390631203,0.10328618184721003,0.09093447691233669,0.880412803397602,22.0,0.14106301369863014,8.0,0.0788958904109589,1.787964024030281,0.10032420091324201,0.08903962442085794,1.1226050903357485,0.06582433468648795,0.054303734217308164,0.3047213114754099
PT0002000032968749YT,3.639755427315196,4.001176291317321,0.0,31.496,2.036,1.16,4.365,43668,1.0992981180245731,0.8805536701580287,2.0119682975994135,6.436489010989011,4.096807326007326,2.1269359823399556,2.1891740088105727,2.1657076923076923,2.2046945054945053,2.2638813186813187,2.2775626373626374,2.235964835164835,2.611476923076923,6.941881318681319,7.368052747252747,6.999830769230769,7.043876923076923,7.653815384615385,6.770397802197802,4.3295010989010985,3.8208593406593407,3.4999318681318683,3.3677098901098903,2.792443956043956,1.8181406593406595,1.57810989010989,1.6080945054945055,1.6096175824175825,2.0666307692307693,4.251810195575505,4.493414329219426,4.330377945183523,4.467659778952426,4.309742866303302,1.8069398749398748,1.8159685595123516,4.370619226207649,1.8114531312645339,0.41446143841643174,12.0,7.653815384615385,20.0,1.57810989010989,4.849988858559412,4.907035897435897,2.204659357499447,1.9969096266639907,2.6216817363335507,2.214264900463984,10.464228070175439
PT0002000032969229AC,2.06882694518504,2.911949336639898,0.0,21.576,0.496,0.348,2.816,40883,1.4075364512324868,1.192946566045067,0.5305174455590898,4.36445461658842,2.8478622848200317,0.4655339233038348,0.4352470588235294,0.42685211267605633,0.4290492957746479,0.42745774647887325,0.43205633802816906,0.432349765258216,1.3329131455399061,3.9118896713615023,4.609145539906104,5.4040798122065725,5.869882629107981,5.058816901408451,3.4873849765258216,3.439525821596244,3.2875821596244132,2.6867253521126764,2.3810328638497653,1.8049225352112677,0.8824577464788733,0.6667464788732395,0.6114037558685447,0.5925046948356808,0.5639835680751174,2.5857089169798426,2.776584116140051,2.7128397676802187,2.7687981953843486,2.6578216604031435,0.5094741158380318,0.47996991452991455,2.7001396847155585,0.4947257968042382,0.1832222975739695,11.0,5.869882629107981,2.0,0.42685211267605633,13.751560446328895,3.3901780125195624,0.43603274584751844,6.57445736468972,2.0552591475861877,1.3530555937227424,7.139457943925234
PT0002000032976997LZ,3.039358529406454,3.1738261813392534,0.0,44.48,1.464,0.42,5.088,55379,1.0442421157727184,1.5358503956792482,2.0736015605245095,4.339292894280763,3.67003148469093,3.063290631808279,3.0754991334488735,2.9787175043327556,2.7336065857885616,2.508582322357019,2.187476603119584,2.1094194107452338,2.4234956672443673,3.777067590987868,4.241948006932408,4.301246100519931,5.6649202772963605,5.627079722703639,5.089629116117851,4.5511403812824955,3.7421247833622187,3.321797227036395,3.0679272097053727,2.2475701906412477,1.1671785095320624,0.8149116117850953,0.7693604852686309,0.813372616984402,2.667377816291161,3.4742043202033037,3.719032905602846,3.664205362816114,3.7302309157881366,3.4578104205900817,1.6226109227871939,1.6363098167210643,3.6087430541472316,1.6294607996987005,0.4515313989523569,11.0,5.6649202772963605,21.0,0.7693604852686309,7.363154705454349,4.233283073367995,2.7578621301425117,1.1992263797562173,2.1347052044569663,2.0083111030454615,7.593425605536332
PT0002000032990792KD,2.335468439239271,3.371108198390287,0.0,28.7,1.048,0.508,2.728,37911,1.4434398434809737,0.9505587670125476,2.3065016094137514,2.4666759493670884,2.262167088607595,2.492516868236792,3.2635594936708863,3.228478481012658,3.229245569620253,3.2308177215189873,3.227878481012658,3.1696708860759495,2.7718911392405063,1.7878253164556963,2.478713924050633,2.726526582278481,2.712040506329114,2.3230582278481013,1.8794354430379745,2.564972151898734,2.678832911392405,2.2563518987341773,2.27253417721519,1.9208759493670886,1.4403569620253165,1.1802379746835443,1.1130050632911392,1.1461974683544303,0.9571139240506329,2.890978614512886,3.036926508226691,2.9090169987205265,2.9830238095238095,2.900989023255814,0.8225820617789356,0.7715057685150726,2.944200419688547,0.7970439151470041,0.2707165958597749,1.0,3.2635594936708863,23.0,0.9571139240506329,3.4097920964926205,2.3291974683544305,3.1120827691787056,0.7084549908041499,1.6614434300076293,2.2528081418909807,4.971131313131313
PT0002000032993611ME,0.8494537180829933,1.0067945893304147,0.0,7.016,0.344,0.296,0.796,55378,1.1852259492165163,0.5886135870102214,0.3702281627050069,1.254661756210283,1.4022123050259965,0.3347741935483871,0.32281802426343154,0.3205493934142114,0.3221265164644714,0.3212668977469671,0.3211421143847487,0.32185961871750435,0.36407972270363953,0.6819376083188908,1.3774280762564992,1.7072183708838822,1.809523396880416,1.5877833622183708,1.0882980935875217,1.3508526863084922,1.5631282495667242,1.37005719237435,1.6105632582322356,1.4303743500866553,0.49307798960138655,0.44460831889081454,0.44734315424610055,0.4276533795493934,0.36530329289428076,0.9930658195679797,1.2638800660653031,1.1613224904701398,0.9998297980439477,0.5592908086388749,0.3402741996233522,0.6405368487131199,0.9944455485702697,0.490405524168236,0.49314467229834746,11.0,1.809523396880416,2.0,0.3205493934142114,5.645068853841705,1.4284471403812826,0.32377952330370285,3.4066649098126534,0.6431393704755831,0.5186176376235583,2.024553633217993
PT0002000033016394FN,1.1993425775466724,1.1874481572025601,0.0,8.28,0.612,0.492,1.58,55386,0.9900825497511787,0.9071636581314154,0.7791634525099314,1.23791709994223,2.0009442518775273,0.561238922675934,0.5633604852686309,0.5631941074523398,0.5586291161178509,0.5586897746967071,0.5580069324090122,0.541736568457539,0.5118076256499133,0.7643292894280762,1.4478700173310226,1.6121871750433274,1.5856256499133448,1.505682842287695,1.5116395147313693,1.7685060658578855,2.021213171577123,2.1566377816291165,2.320963604852686,2.2267053726169843,1.9911074523396879,1.464637781629116,0.7754072790294628,0.625890814558059,0.5874956672443674,1.422956543837357,1.3722729005208996,1.4900231228560539,1.259029826120066,1.3509010547463585,0.9911020715630885,0.518,1.3789449245976428,0.7545361873077647,0.5471837009936622,17.0,2.320963604852686,7.0,0.5118076256499133,4.534835919854527,1.8807738301559793,0.5605198897700792,2.6990631414417208,0.833983297414225,0.5897816450672202,2.57321107266436
PT0002000033039837ZH,1.6107048002915765,1.7005983156900575,0.0,11.816,0.916,0.748,1.792,46643,1.0558100499745255,0.6481634622377799,0.8903802702123097,2.240294924554184,2.4209609053497942,0.8777881136950905,0.8831567010309279,0.8860946502057613,0.8907716049382717,0.8854814814814814,0.8258106995884773,0.7046008230452675,0.6679176954732511,0.9282386831275721,2.823446502057613,3.1932551440329218,3.0202489711934155,2.8086625514403294,2.6497119341563784,2.6534156378600824,2.5662942386831276,2.6171069958847735,2.486658436213992,1.5525781893004116,1.1274567901234567,0.9341358024691359,0.8891255144032922,0.8916831275720165,0.8883847736625514,2.094644633020694,1.9867307635064742,1.8917070992707248,1.9165975554549568,1.797498036846874,0.8179193475305846,0.7524001208824418,1.9378899532990062,0.7851671576403051,0.4051660190010583,10.0,3.1932551440329218,7.0,0.6679176954732511,4.7809111297318605,2.6303082990397804,0.8748505418233351,2.2591611650858168,1.0551722961875682,0.8972042057519611,3.6129938398357284
PT0002000033074862LZ,6.626143423176638,6.229032364182165,0.0,35.0,3.0,3.0,9.0,81772,0.940069051689181,0.9055040944350011,3.252764458361875,10.642018779342724,9.353726525821596,3.046580188679245,3.0323149236192712,3.029049295774648,3.0311032863849765,3.02787558685446,3.021420187793427,3.0528169014084505,3.856807511737089,10.194542253521126,11.932218309859154,12.093603286384976,12.49706572769953,13.27787558685446,12.503521126760564,11.025821596244132,10.324237089201878,8.723884976525822,7.51056338028169,6.034330985915493,3.8770539906103285,3.597417840375587,3.6795774647887325,3.557218309859155,3.079518779342723,7.890179333902648,8.076430401366354,8.23603757472246,8.274879476584022,7.8179626280892105,3.0603006491288007,3.0481845365228533,8.059151116365943,3.054243369068466,0.3789782974618914,12.0,13.27787558685446,5.0,3.021420187793427,4.394580945906575,10.560983959311423,3.0313905781843378,2.766497226425896,4.291094591795485,3.235329391475785,13.147713950762016
PT0002000033085062AW,2.6320306418219466,3.2559964372087764,0.0,19.504,1.216,0.38,3.836,14490,1.2370663112625877,1.313054622193792,1.5032140292736813,3.4232737306843264,4.096551876379691,1.10309634551495,1.01734,0.9704834437086093,0.9502185430463577,0.954953642384106,0.9830066225165562,1.0656953642384106,1.587225165562914,3.107350993377483,3.0573311258278144,3.4333311258278143,4.773476821192053,4.580927152317881,4.394304635761589,4.565615894039735,4.326629139072848,4.183384105960265,4.242529801324503,2.8668476821192055,2.364596026490066,2.4429867549668876,3.125430463576159,1.7990463576158942,1.2571721854304636,3.9448125,3.2023211747986737,3.3113993368072,3.9739435364041604,3.2386369047619046,0.3860953326713009,0.3446302800189843,3.5330689555405534,0.36489492841543314,0.10327987735512648,11.0,4.773476821192053,3.0,0.9502185430463577,5.02355679766941,4.382231788079469,0.9965164328617631,3.394177736753567,1.6032504373530712,2.362954898812692,4.794868421052631
PT0002000033094187PL,0.7495327226294993,0.6902229793837944,0.0,4.668,0.412,0.26,1.132,78707,0.9208710421105627,1.1633915020292414,0.559500241441533,1.036414837398374,0.8425900406504064,0.5294160807092633,0.4788754578754579,0.4706621951219512,0.4557231707317073,0.46301219512195124,0.46012073170731704,0.47951951219512196,0.8342024390243903,1.0562707317073172,1.1483560975609757,1.0814719512195121,1.0706573170731706,1.027530487804878,0.9432439024390245,0.9172439024390244,0.7646756097560975,0.7487548780487805,0.8361317073170732,0.8454902439024391,0.8455109756097561,0.774890243902439,0.5653743902439025,0.6004134146341463,0.5903036585365853,0.6414040961709706,1.148479073909172,1.1464876224398932,0.7509775720897117,0.7006771148708816,0.5394557435440783,0.32270576804169243,0.8775915663508796,0.4306434304465434,0.4907105388867913,9.0,1.1483560975609757,3.0,0.4557231707317073,2.5198545329990125,0.8729300813008131,0.476301638544608,1.8291093372097458,0.3326479042572673,0.5425552997832364,1.1873714981729597
PT0002000033171958DG,1.1116332157742868,1.1411087245345388,0.0,7.58,0.424,0.376,1.48,43666,1.0265154984053995,0.9931333324103941,0.6983073398698799,1.6192725274725273,1.430115750915751,0.6848265193370167,0.7087334801762114,0.7110593406593406,0.7140681318681319,0.7193692307692308,0.7239692307692308,0.7312615384615384,0.894156043956044,1.175534065934066,1.9865582417582417,1.9875472527472526,1.8784021978021979,1.7934373626373628,1.6592571428571428,1.675167032967033,1.63209010989011,1.579589010989011,1.3018571428571428,0.732734065934066,0.6813516483516483,0.6777846153846154,0.6789274725274724,0.673789010989011,0.6744967032967033,1.3985751843539596,1.4042167013944542,1.4320173132414238,1.3354713232938162,1.2589176017954473,0.47951066217732885,0.47202181584857233,1.3658369610514505,0.4757671397642531,0.34833377140269906,10.0,1.9875472527472526,22.0,0.673789010989011,2.9498065719858824,1.6068996336996337,0.710337655596527,1.8534895675216283,0.615358347798604,0.7894088559518636,2.1431929824561404
PT0002000033186037TF,7.344757306039496,5.3802524144363595,0.0,27.604,6.16,3.128,8.873999999999999,81679,0.732529638523556,0.7823267346458322,4.508316328279983,11.568905013709362,8.791130630630631,4.095045709230315,4.053410588235294,3.900726204465335,4.1984947121034075,4.459274970622796,4.456365452408931,4.842964747356052,6.751727379553467,11.217036427732081,12.804722679200939,12.840276145710929,13.337399529964747,12.462267920094007,10.719492361927145,9.811032902467685,9.573396004700353,8.932480611045829,7.7386274970622795,5.9717544065804935,5.859502937720329,5.262649823736781,4.617331374853114,4.265205640423032,4.086710928319624,6.612964386369459,9.005887456237726,8.665326614280835,7.746673666092943,8.001793851717903,6.469613019891501,4.911306621102093,8.006956220763866,5.687385710609829,0.710305583520132,11.0,13.337399529964747,2.0,3.900726204465335,3.419209355093119,9.872882882882884,4.193886272844346,2.127243287359345,3.679190951061507,3.329698086162423,12.801826291079811
PT0002000033254603ZX,3.9970040915906377,4.6174188413637935,0.0,25.232,1.358,0.368,7.192,78698,1.1552199436268922,1.7072787126630982,3.0748155981493723,5.705242073170732,4.132112195121951,2.6371158798283263,5.061715506715506,5.349626829268293,4.977812195121952,4.501521951219512,3.4804060975609756,2.992701219512195,3.6895841463414634,6.053060975609756,5.317146341463415,5.700043902439025,6.083453658536585,7.388163414634146,6.40764756097561,4.95539756097561,4.247490243902439,3.7265036585365854,3.099707317073171,2.3559268292682924,0.9224731707317073,0.8187097560975609,1.3907158536585364,2.2847646341463417,2.4802451219512194,5.047051197578132,5.165234194122886,5.104380087274023,5.093891194016561,4.448394014962593,1.4048549292011756,1.7331233215547701,4.971809934282,1.5696515144795777,0.31571028161322057,12.0,7.388163414634146,20.0,0.8187097560975609,9.024154603763805,4.970818292682927,4.3346997432857615,0.9393488803732643,2.9939116081109085,3.0369697206692607,10.716574908647992
PT0002000053093191SV,0.7601191047553749,0.6131981088739973,0.0,3.552,0.584,0.224,1.24,81676,0.8067131914429905,1.3366326324964215,0.6600223376114431,0.832250097924011,0.8880836271053663,0.6582904368358914,0.6549670588235293,0.6576239717978849,0.6573184488836663,0.6571692126909517,0.657054054054054,0.658126909518214,0.6576498237367803,0.6713948296122209,0.8419753231492362,0.9295123384253818,0.9507579318448884,0.9422103407755582,0.8793078730904819,0.9359271445358402,0.9621457109283196,0.9539153936545242,0.9110458284371328,0.6861598119858989,0.667508813160987,0.6657485311398356,0.6647755581668626,0.6632420681551117,0.6584289071680376,0.7793140905209223,0.7968977709454266,0.812764198479802,0.8288866316604975,0.8175356527729934,0.6421904597899087,0.6432625373771892,0.8070274345836831,0.6427285904198293,0.7964147969162787,15.0,0.9621457109283196,1.0,0.6549670588235293,1.4689986282005592,0.9307587152369762,0.6570705305143296,1.2344719439786922,0.1748121189115875,0.5747410892385582,0.5703098591549296
PT0002000065256275YB,0.0019010444088009503,0.021728149983957168,0.0,0.612,0.0,0.0,0.0,81673,11.429585696875861,0.0,0.0016474219228413962,0.002419114766940854,0.001889933411672542,8.980797636632201e-05,4.352941176470588e-05,2.7027027027027027e-05,3.290246768507638e-05,0.00054524089306698,7.285546415981199e-05,4.465334900117509e-05,0.002410105757931845,0.00021621621621621621,0.0013760282021151587,0.007049353701527614,0.0028848413631022327,0.0005781433607520564,0.00032784958871915395,0.003256169212690952,0.0020282021151586367,0.0025146886016451236,0.0011856639247943594,0.0020270270270270267,0.00463807285546416,0.010408930669800236,0.0027708578143360754,0.0010340775558166863,5.052878965922444e-05,0.00267794004611837,0.0034506789648987954,0.002171477369769428,0.0012025828669823505,0.0012491820216979507,0.0017003100241129866,0.0008421052631578947,0.002153366348510033,0.0012695144964831016,0.5895487766684521,20.0,0.010408930669800236,2.0,2.7027027027027027e-05,385.13043478260875,0.0016484528006267135,0.00013522720667832053,20.20525530426168,0.011119491163403526,0.004368468763946475,0.0841737089201878
PT0002000065523872AA,0.04424844811753903,0.07806401997695168,0.0,2.244,0.008,0.004,0.076,81675,1.7642205161543048,1.6271757104055569,0.029593945183334556,0.05355170387779083,0.0642391304347826,0.023108355476823148,0.022652941176470587,0.022385428907168037,0.02189189189189189,0.021043478260869566,0.02050881316098707,0.020310223266745003,0.020151586368977674,0.02272972972972973,0.05881198589894242,0.07359811985898942,0.07635957696827261,0.06965922444183315,0.05882726204465335,0.06869330199764982,0.07654406580493536,0.07701527614571094,0.0669882491186839,0.03736662749706228,0.04761809635722679,0.04672855464159812,0.04419271445358402,0.039712103407755585,0.02493419506462985,0.03994876611732559,0.054039624252775406,0.054128437233134076,0.056077148269330114,0.07327615603203307,0.020818119187047884,0.011578641606151217,0.055463244113917544,0.016179954539606297,0.2917239119005341,16.0,0.07701527614571094,7.0,0.020151586368977674,3.8217971893404865,0.06962122992557775,0.021931818145701717,2.4667203513523948,0.037656049434048725,0.053962335696190356,0.11822535211267607
PT0002000066469574LZ,0.7281492236522695,0.2096279432299431,0.0,5.844,0.708,0.616,0.82,43666,0.2878914601851608,0.28016235322860267,0.7107129112068176,0.7236047619047619,0.7675439560439561,0.6941635359116022,0.6911740088105727,0.7119934065934066,0.7050659340659341,0.6924285714285714,0.704832967032967,0.6904417582417582,0.6861054945054945,0.7074197802197801,0.7095296703296704,0.721989010989011,0.7567978021978022,0.7597868131868132,0.7650747252747252,0.7896791208791208,0.7747912087912088,0.7614263736263737,0.768443956043956,0.7458483516483516,0.723032967032967,0.7307120879120879,0.7341472527472527,0.7386945054945054,0.711734065934066,0.7270665170700432,0.727910868868227,0.7275999358871614,0.7399833306619651,0.7331873697707966,0.7155978835978837,0.725693023255814,0.7311497082772328,0.7206446440025657,0.9856321295683484,14.0,0.7896791208791208,7.0,0.6861054945054945,1.1509587478938297,0.7698670329670328,0.6999430706405091,1.0559096580173706,0.10033253085910461,0.14610021252368485,0.4393684210526316
PT0002000068856655YV,1.7624528852621293,1.9650080989928038,0.0,15.0,1.0,0.0,3.0,78797,1.1149280161895212,1.702173161669403,0.9408718170047475,2.301360129922858,2.865915550142103,0.8504129703273172,0.7884146341463415,0.7131546894031668,0.6559074299634592,0.6123629719853837,0.5788672350791717,0.5453714981729598,0.5630328867235079,0.9951278928136419,2.684226552984166,3.1863580998781975,3.2557856272838004,3.1236297198538368,3.0523751522533495,2.9637637028014616,3.1263702801461632,3.173568818514007,2.904993909866017,1.97442143727162,1.6473812423873324,1.3663215590742996,1.2752740560292326,1.2731425091352009,0.9832521315468941,2.1769052706552707,2.120480854853072,1.9957257346393589,2.139079333986288,2.2180765805877116,0.972003885895964,0.7297058563731119,2.1300553843962033,0.8508655714538067,0.39945701773148845,11.0,3.2557856272838004,6.0,0.5453714981729598,5.969849246231155,3.0574502639058063,0.6998533218174733,3.200492278062695,1.4323939135682702,1.027092600100414,4.847931873479319
PT0002000068856781NM,31.701587262766584,2.828139239106229,0.0,44.0,31.0,30.0,33.0,81776,0.08921128193564838,0.09463248559555536,30.629182974559686,32.42277973395931,33.124364241001565,30.69693396226415,30.643654524089307,30.525498241500586,30.526408450704224,30.49911971830986,30.463321596244132,30.472711267605632,30.435152582159624,30.690727699530516,32.64348591549296,33.370892018779344,33.61267605633803,33.7837441314554,32.694835680751176,34.028169014084504,34.169894366197184,33.60475352112676,32.92400234741784,31.324530516431924,30.921654929577464,30.738849765258216,30.732394366197184,30.720070422535212,30.610035211267604,32.067811085489794,32.17806815270305,32.22613151152861,32.397865197555305,32.14915604547021,30.50486846600615,30.396464862095467,32.203591685658964,30.45065972073957,0.9455671907025197,15.0,34.169894366197184,7.0,30.435152582159624,1.122711452618995,33.534233176838804,30.55915608218538,1.0556338515825687,1.816412247652026,2.1096824221670336,6.708089097303635
PT0002000068856872QG,0.14573074775369307,0.5018851930936895,0.0,9.0,0.0,0.0,0.0,78796,3.4439210724558356,0.0,0.1502488067431705,0.13048112058465286,0.15194884287454324,0.14473684210526316,0.08323170731707318,0.08038976857490865,0.08221680876979294,0.08221680876979294,0.07978075517661389,0.08252131546894031,0.08313032886723508,0.08678440925700365,0.08861144945188794,0.1476857490864799,0.21619975639464067,0.1604750304506699,0.11997563946406821,0.1233252131546894,0.18848964677222899,0.1814859926918392,0.15864799025578563,0.139768574908648,0.12728380024360536,0.18331303288672351,0.3099878197320341,0.2853227771010962,0.2618757612667479,0.1022170777312795,0.11861086375779163,0.12714807229988426,0.13087606837606838,0.1262914143213395,0.3183504062168845,0.09558303886925795,0.12102863655791424,0.20698639816286876,1.71022663767531,21.0,0.3099878197320341,5.0,0.07978075517661389,3.885496183206107,0.15539991879821355,0.09209544845224078,1.6271744351797965,0.3605872989634446,0.19845081496141517,1.5279805352798053
PT0002000068856906VS,5.830671590686754,2.789117844288285,0.0,26.0,5.0,4.0,7.0,81776,0.4783527593533654,0.5145204893364009,5.692098825831702,5.644953051643192,6.293427230046948,5.6007067137809186,5.613689776733255,5.695422535211268,5.793427230046948,5.865610328638498,5.825704225352113,5.279342723004695,4.855046948356808,4.726525821596244,5.49618544600939,5.890845070422535,6.213321596244131,6.687793427230047,6.821596244131455,6.650234741784038,6.809565727699531,6.139084507042254,5.716255868544601,5.623826291079812,5.656396713615023,5.77112676056338,5.778169014084507,5.721830985915493,5.703345070422535,5.984198838401094,6.116823228010247,6.114517506404782,6.057223991050684,6.036421560185983,5.408609497779296,5.099957283212302,6.061888525264294,5.254303164908384,0.8667766064997542,13.0,6.821596244131455,8.0,4.726525821596244,1.4432580084430096,6.470755086071988,5.732426801627167,1.0261286379912162,1.6452281282917738,2.1079625841954526,7.684642438452521
PT0002000068856952LS,0.8557543462729221,1.2214750023623298,0.0,8.0,1.0,0.0,1.0,67184,1.4273664021482748,1.1685596507400902,1.1979514054311577,0.4336904761904762,0.59375,1.3121408045977012,0.9642857142857143,0.8567857142857143,1.12,1.2328571428571429,1.075,0.9167857142857143,0.6671428571428571,0.365,0.36607142857142855,0.38285714285714284,0.385,0.43607142857142855,0.43464285714285716,0.445,0.41678571428571426,0.3896428571428571,0.7996428571428571,1.0767857142857142,1.1760714285714287,1.269642857142857,1.4067857142857143,1.5317857142857143,1.5139285714285715,0.8290090653329165,0.8558032923525735,0.8390289643675766,0.8578125,0.8743226344310129,0.8627696155048452,0.8715357366117942,0.851195065535852,0.8671529044021881,1.0187475697551067,22.0,1.5317857142857143,8.0,0.365,4.1966731898238745,0.48696428571428574,1.0935115626710454,0.6249321534790757,0.8045069433328844,0.6573423158155993,2.731811697574893
PT0002000068857099AR,3.0375019036499316,3.3785627093518964,0.0,24.0,2.0,1.0,3.0,78796,1.1122833224539344,0.6584358013395002,3.7424088554889816,1.9471680876979294,2.7187373122208687,1.9987760097919216,1.6701219512195122,1.598964677222899,1.58952496954933,1.588611449451888,1.5755176613885506,1.532886723507917,1.561510353227771,1.792326431181486,1.9223507917174179,2.133069427527406,2.206151035322777,2.0676004872107185,1.9348355663824603,2.09652862362972,2.255481120584653,2.357795371498173,2.768270401948843,4.899512789281364,6.658647990255786,7.484470158343483,8.374847746650426,7.029232643118148,3.7962850182704018,3.2353098290598292,3.352034909609048,3.1317898486197686,3.496616809116809,3.312761599430047,2.55483927940657,2.189929328621908,3.305705941017239,2.37241653418124,0.717673191902603,21.0,8.374847746650426,6.0,1.532886723507917,5.463448549860946,2.246751928542428,1.6702527864373502,1.947545209956106,2.952896329695818,0.9373278293442983,11.98661800486618
PT0002000068857897ZV,11.820144158777696,10.000938968849695,0.0,65.0,7.0,6.0,12.0,78802,0.8460928085570725,0.5076080223221618,6.8285018023049195,17.67590336987414,15.944123020706456,6.74160048869884,6.782926829268293,6.637637028014616,6.654384896467723,6.535018270401949,6.508830694275274,6.467113276492083,6.938794153471377,14.087697929354446,21.767965895249695,21.633982947624848,21.586784409257003,20.040194884287455,18.253045066991472,17.91626065773447,17.658647990255787,16.585261875761265,14.320341047503046,10.931181485992692,8.089829476248477,7.2557856272838,6.811814859926918,6.73599269183922,6.720767356881852,13.868256070640177,14.24216473911892,13.902693156732893,14.265571710644409,13.113536333423156,6.735749910936943,6.629129129129129,13.879808717912251,6.682217294900222,0.4814343937086574,9.0,21.767965895249695,6.0,6.467113276492083,3.3659478293624634,17.46229192042225,6.643399701187782,2.1670446603402023,6.424830739719385,5.235236490200169,19.676792223572296
PT0002000068857909SY,4.523972689662174,4.975986111109202,0.0,24.0,1.0,1.0,8.0,78798,1.099915152556056,1.5473126122082586,3.9095201827875097,4.67559886317499,5.600690215184734,3.010703363914373,0.6298780487804878,0.5770401948842875,0.5645554202192449,0.5475030450669914,0.5411084043848965,0.5429354445797807,0.7347746650426309,4.28958587088916,5.838611449451888,6.004567600487211,5.777101096224117,5.408952496954933,4.720767356881852,4.908038976857491,5.497563946406821,5.69884287454324,5.969549330085262,6.809378806333739,8.237515225334958,8.46985383678441,8.478684531059683,8.351400730816078,6.955237515225335,4.699341168091168,4.975779162956367,5.065277406714756,5.237336419478323,5.144968833481745,4.099796873620066,2.46532991785178,5.024539658795455,3.282635576753224,0.6533206621241353,21.0,8.478684531059683,5.0,0.5411084043848965,15.669105233539671,5.3672858302882664,0.9784647462083802,5.581877364932339,3.8860797421999886,2.597714470405663,11.21411192214112
PT0002000068859187RL,11.73362194421005,11.20040779647105,0.0,58.0,7.0,3.0,18.0,81771,0.9545567302002503,1.2783776459920582,11.34908868501529,13.296312597809077,10.93960289514867,18.717487466823947,18.56316098707403,17.584213615023476,15.800469483568076,13.639964788732394,11.588028169014084,10.2162558685446,8.304577464788732,12.709507042253522,13.971830985915492,15.072476525821596,14.549882629107982,15.169600938967136,13.04518779342723,12.460093896713616,11.948356807511738,11.095363849765258,9.759976525821596,7.328638497652582,4.322769953051643,4.161971830985915,4.630281690140845,4.918720657276995,12.090962441314554,12.715456874466268,13.054824935952178,13.122982321291314,13.316777136954464,15.073704150163596,8.636029725805074,6.25205058099795,13.454318026045236,7.444192900773141,0.5532939600775356,0.0,18.717487466823947,20.0,4.161971830985915,4.497264332130289,12.246429968701095,15.982220751706002,0.6599003625734272,7.44938922931766,7.094209909294399,25.34232121922626
PT0002000068859325FL,31.501846329547618,27.80545412850531,0.0,500.0,25.0,11.0,44.0,78805,0.8826610934999317,1.0475576464560163,26.447140645226796,34.37900933820544,38.73127283800244,16.632141765963947,11.298780487804878,10.41940389294404,10.268879415347138,9.972594397076735,9.76857490864799,9.658647990255785,10.773447015834348,29.071559074299635,40.687576126674784,43.76339829476248,41.6278928136419,40.35018270401949,36.23051157125457,33.334043848964676,32.649208282582215,33.578258221680876,42.2037149817296,54.39190012180268,61.58678440925701,60.72838002436053,47.70127892813642,41.19397076735688,28.104445797807553,32.80259994657644,32.224844167408726,35.547413409313506,34.627737226277375,33.271261911122984,28.93289183222958,23.19673289183223,33.694862434333544,26.064812362030906,0.7735544970046246,19.0,61.58678440925701,6.0,9.658647990255785,6.376335950061478,36.39098660170524,11.393395811297454,3.391969318511514,22.141950880525687,10.801763383114915,84.72992700729927
PT0002000068859382XF,20.48663312241112,17.666629584251314,0.0,92.0,12.0,9.0,22.0,78702,0.8623490975159361,0.6345601018148168,11.77710843373494,29.192174796747967,29.192174796747967,10.722596448254746,10.183150183150182,10.136890243902439,10.096646341463414,10.038109756097562,10.046951219512195,10.05701219512195,11.236280487804878,25.464024390243903,33.41859756097561,34.41798780487805,35.49176829268293,35.12439024390244,32.67987804878049,32.455182926829266,32.021341463414636,29.79237804878049,26.739634146341462,21.464634146341464,15.726524390243902,14.528048780487804,13.93719512195122,13.395731707317074,12.45,23.976133226467184,25.122707034728407,24.91406945681211,25.068815098370873,24.164203027604632,10.31142577255321,9.932779789771221,24.649219974355322,10.121330376940133,0.4106146315165434,11.0,35.49176829268293,4.0,10.038109756097562,3.535702353834472,31.46880081300813,10.204057365396757,2.477904520979303,10.73915333723311,10.438064629013628,30.980511571254567
PT0002000068859393XH,24.426478501198453,18.189307313597006,0.0,110.0,25.0,7.0,37.0,81772,0.7446553260923211,1.2281753998443978,17.929812114688325,27.53452660406886,34.30540884194053,9.289209905660377,7.29406580493537,6.85387323943662,6.731807511737089,6.627934272300469,6.546948356807512,6.34419014084507,10.810152582159624,22.198063380281692,29.487676056338028,33.107100938967136,34.640845070422536,34.96332159624413,33.93104460093897,33.10269953051643,32.541079812206576,32.788145539906104,35.075410798122064,38.39407276995305,40.6299882629108,39.45246478873239,35.11854460093897,29.711561032863848,20.504107981220656,24.376857386848847,25.355849701110163,26.139721581689297,26.888181113884823,27.52467062774477,23.55560300649129,17.186586928662965,26.053290837745678,20.371503011147652,0.7819166929052078,19.0,40.6299882629108,6.0,6.34419014084507,6.404282873132603,33.733616979655714,7.223973181812906,4.261719867240236,14.81029833138902,9.215768828113438,44.473622508792495
PT0002000068859597LS,29.195012373881593,23.99145125303332,0.0,142.0,19.0,11.0,42.0,78795,0.8217654079330524,1.061825205038556,21.503973392236016,37.65946000812018,36.10444579780755,19.239669421487605,21.06890243902439,21.56760048721072,19.963459196102313,19.265225334957368,18.47655298416565,19.19549330085262,18.72198538367844,33.40651644336175,42.19823386114494,44.503045066991476,44.279841656516446,42.84713763702801,41.55328867235079,39.05694275274056,38.83800243605359,35.57886723507917,32.04598051157125,29.55359317904994,23.626065773447017,24.68818514007308,25.531059683313032,23.892509135200974,21.520706455542022,32.982546749777384,34.478628673196795,34.10954755967225,34.72130709642953,32.24935435034286,17.85130242825607,18.159424130012365,33.70830661822327,18.005342871020446,0.5341515097434903,10.0,44.503045066991476,5.0,18.47655298416565,2.4086227071213147,38.3200365408039,19.930234977158005,1.679684908843052,12.530428025297743,18.32509334928228,42.08150851581509
PT0002000069698702RB,2.170262290161439,1.106917730318851,0.0,7.344,1.756,1.344,2.556,46643,0.5100386876447597,0.5584578442404964,1.5943593394810207,2.4750528120713304,3.016635802469136,2.298011369509044,1.4131195876288658,1.500281893004115,1.453648148148148,1.5711255144032923,1.3730761316872429,1.4474506172839507,1.6499609053497941,2.1786995884773663,2.79270987654321,2.5129506172839506,2.244526748971193,3.471469135802469,2.9565658436213993,2.889187242798354,2.2928127572016463,2.4970637860082308,3.9608683127572015,3.5033168724279835,1.7921213991769547,1.4804876543209877,1.593985596707819,1.5754156378600823,1.6364732510288067,1.823422956677088,2.3029147194522994,2.36355767227266,2.2789720838992,2.3098085170643308,2.2787548708654284,1.8343378664249017,2.2153113399592863,2.056596721806783,0.9283556151726194,17.0,3.9608683127572015,5.0,1.3730761316872429,2.8846676606999693,3.0113278463648836,1.6015437740634517,1.5322784799346707,1.0282686106699115,0.3142072367306127,4.137010266940452
PT0002000069803182JW,0.47312706286070816,0.7091674130364177,0.0,4.684,0.044,0.004,1.332,32055,1.4988942056041328,2.8068569824993763,0.8133068713724022,0.11468013972055888,0.15159630738522953,1.0115538809344387,0.8834640718562874,0.8093952095808384,0.8009820359281438,0.802131736526946,0.7958293413173653,0.6180449101796407,0.3337904191616767,0.0654431137724551,0.06211976047904192,0.06936826347305389,0.07232335329341318,0.08503592814371258,0.08073053892215569,0.08580239520958084,0.09742814371257484,0.10203892215568863,0.16760778443113772,0.3759700598802395,0.44798802395209575,0.6491437125748503,0.9175508982035928,1.0116646706586827,1.0132694610778443,0.4570624999999999,0.456315240990013,0.4759661384849142,0.5033971631205674,0.5037774329416981,0.46613941368078177,0.45048632218844986,0.4791006828926632,0.458312018239062,0.9566089855516681,23.0,1.0132694610778443,9.0,0.06211976047904192,16.311548101021785,0.10310728542914172,0.8505593793573366,0.31085324039496326,0.43520325028181617,0.4334054803948326,1.0384835820895522
PT0002000071896778MT,9.930855092969743,13.189771209434392,0.0,68.0,2.0,1.0,15.0,69969,1.328160675586909,1.4097476872772907,8.88989907653601,13.006344307270233,8.936385459533607,8.600550017188038,12.475240715268226,12.477023319615911,11.843278463648835,11.556927297668038,11.242455418381343,12.696159122085048,14.25925925925926,12.2781207133059,12.710562414266118,13.007544581618657,12.46639231824417,13.316186556927297,11.724622770919067,10.12928669410151,8.897805212620028,8.310699588477366,7.678669410150891,6.877229080932785,4.6824417009602195,5.181069958847736,5.083676268861454,4.984910836762689,5.864197530864198,11.885204848242012,12.920906240517851,12.598136459272618,12.557857857857858,11.3790201382627,4.077106281631438,4.2302879841112215,12.26703062903938,4.153670521665757,0.338604398022199,7.0,14.25925925925926,19.0,4.6824417009602195,3.0452614618426836,10.009545038866024,11.365912538628399,0.8759730307079312,6.211269680758692,10.060484147452076,21.23013698630137
PT0002000073231742VK,4.895063162657601,3.366431179767814,0.0,22.0,3.0,3.0,5.0,81773,0.6877196611984328,0.4085749118126131,3.216894586197617,7.494767214397496,5.650136932707356,3.1744768641320364,3.1812573443008225,3.17018779342723,3.171654929577465,3.171361502347418,3.151995305164319,3.1549295774647885,3.3937793427230045,7.911384976525822,7.752053990610329,8.356514084507042,8.344483568075118,9.210387323943662,7.123826291079812,6.205399061032864,5.98268779342723,5.040199530516432,5.08362676056338,4.465082159624413,3.4468896713615025,3.2423708920187795,3.2866784037558685,3.260856807511737,3.1898474178403755,5.483901272525408,5.5409052092228865,5.68263728755658,5.6687898089171975,5.520192887281495,3.1620121274233495,3.2175138829560015,5.579242276255591,3.1897582642863243,0.5717189013033995,12.0,9.210387323943662,5.0,3.151995305164319,2.9220815490597656,6.441021126760563,3.1701556231582146,1.8137968676356393,2.4256793052305214,1.608763448818481,8.580304806565065
PT0002000073481266XH,4.32387091861985,3.6557156380330182,0.0,24.0,2.0,2.0,7.0,78803,0.8454728891860392,1.156371245605076,2.2474933367178576,6.38778928136419,6.411337799431587,2.0574045801526717,1.971951219512195,1.9652862362971986,1.9497563946406822,1.9491473812423874,1.9156516443361753,1.8209500609013398,2.44884287454324,5.832216808769793,6.877588306942752,7.452496954933008,8.021924482338612,7.693666260657735,6.861144945188794,6.19427527405603,6.709805115712546,7.274056029232643,6.517052375152254,4.911693057247259,3.5943970767356883,2.6211936662606576,2.440316686967113,2.4013398294762487,2.2816686967113275,5.332650698958241,5.231365215068127,5.330335678034013,5.4624488343121556,5.095564659779123,1.9683002207505518,1.8853458175072872,5.2905069715262565,1.9268303453148459,0.3642052369810932,11.0,8.021924482338612,6.0,1.8209500609013398,4.405351170568562,6.875,1.9681995760302184,2.7713024201940595,2.7497843298470546,1.7910630600130613,10.083941605839415
PT0002000073598156DE,0.63307512864494,0.6355174640140218,0.0,3.36,0.976,0.004,1.12,46640,1.003857891833959,1.7628239516986433,0.3769775223061085,0.6710668724279836,1.1069272976680384,0.006631469979296066,0.004678350515463918,0.0046728395061728396,0.005438271604938272,0.006448559670781893,0.005308641975308642,0.004681069958847737,0.004802469135802469,0.015497942386831276,0.7113991769547325,1.0990699588477366,1.097611111111111,1.0980205761316872,1.0870205761316873,1.087417695473251,1.0856995884773661,1.0849835390946503,1.0835884773662552,1.2128539094650206,1.4854053497942388,1.5392222222222223,1.4468395061728394,0.006687242798353909,0.004664609053497942,0.6312502605329761,0.6315618395594582,0.6299630842512653,0.6305606037735849,0.6340918151615826,0.6370675124603534,0.6371284375944395,0.6314806143528636,0.6370979681244807,1.0088955284516117,20.0,1.5392222222222223,23.0,0.004664609053497942,329.97882664314074,1.0877884087791496,0.005529688875326938,171.1682328581834,0.6249990588519806,0.09475098283358335,1.70900205338809
PT0002000073717386HC,5.495710442154424,9.045083513101936,0.0,33.0,1.0,1.0,2.0,78796,1.645844264960235,0.18196009606502864,3.1416421245049255,8.022431993503858,7.674736094194072,0.9026927784577723,0.8975609756097561,0.9056029232643118,0.9034713763702802,0.9101705237515225,0.9056029232643118,0.8964677222898904,0.9004263093788063,1.8239951278928137,13.092874543239951,14.939707673568819,10.046285018270401,7.331303288672351,5.963763702801462,2.6890986601705236,1.0593788063337393,7.1105359317904995,13.479902557856272,15.745736906211937,15.43727161997564,10.260962241169306,3.8711936662606576,0.8952496954933008,0.8998172959805115,5.435541310541311,5.519857524487978,5.608707264957265,5.592111121004363,5.524403277520484,5.4715181489004685,5.319434628975265,5.536124516944776,5.395486463807799,0.9745962987814821,18.0,15.745736906211937,22.0,0.8952496954933008,17.58809523809524,6.272330491270807,0.9041835834529924,8.61612246513179,6.997048925569821,3.6562459735762793,17.888077858880777
PT0002000075637532JB,4.327611342976388,5.407327925580684,0.0,31.0,2.0,1.0,5.0,69964,1.249494812965737,0.9242974202135565,1.4121868923710397,8.301726108824875,6.181012802926383,1.2806473829201102,1.2675378266850068,1.2568587105624143,1.255829903978052,1.258230452674897,1.2551440329218106,1.2743484224965707,1.7424554183813443,8.302126200274348,9.886145404663923,10.592592592592593,9.633744855967079,9.65329218106996,8.15329218106996,7.6598079561042525,6.847736625514403,5.558299039780521,4.992798353909465,3.874142661179698,2.0723593964334706,1.5517832647462277,1.5432098765432098,1.5593278463648834,1.3700274348422496,5.416007212260843,5.691412966521695,5.709247570383729,5.779891848588023,5.220919747520289,1.2851046938572988,1.258913496871586,5.563270303906219,1.2720142956418148,0.22864506417181943,10.0,10.592592592592593,5.0,1.2551440329218106,8.439344262295084,7.14420438957476,1.2623747182903817,4.621158295867059,3.7983956319663257,2.6141972678738563,13.013698630136986
PT0002000077394934QY,20.469668336609804,9.759624755954267,0.0,83.0,18.0,14.0,24.0,78845,0.4767847038586,0.48852770037876464,15.105560767806882,25.290093382054405,26.38535322777101,14.653904130238168,14.614329268292684,14.58130328867235,14.589220462850182,14.60688185140073,14.41747868453106,13.615712545676004,16.02557856272838,20.27466504263094,25.445797807551767,29.048721071863582,30.303897685749085,30.64190012180268,28.82429963459196,27.828562728380025,27.828258221680876,27.007612667478686,25.214677222898903,21.608708891595615,18.324908647990256,16.21498172959805,15.453105968331304,15.245127892813642,14.953714981729599,21.01985752448798,21.813425556442315,21.637756010685663,22.072096128170895,21.112486640541505,18.527770419426048,17.141166077738514,21.531423487544483,17.834621329211746,0.8283066532748629,12.0,30.64190012180268,6.0,13.615712545676004,2.250480833743347,27.89088509947219,14.57718628099753,1.6020812476583877,7.078719306065446,5.537119988513,24.29440389294404
PT0002000077647404EM,3.4400984821564546,6.608157744514872,0.0,35.0,1.0,0.0,1.0,78796,1.9209210953671574,0.29068935240863847,4.826190717985173,1.725943970767357,2.383475436459602,4.466034271725826,0.7439024390243902,0.7101096224116931,0.7189403166869671,0.7131546894031668,0.7113276492082826,0.7131546894031668,0.6321559074299634,0.620584652862363,1.676613885505481,2.3459196102314253,2.6522533495736904,2.428136419001218,1.5557247259439708,1.347442143727162,1.5459805115712546,1.6071863580998782,2.2841047503045067,5.96041412911084,9.60688185140073,10.269488428745433,10.59774665042631,10.262484774665042,8.394336175395859,4.367821209153236,4.110774710596616,4.336806483213109,5.124476894310391,3.369334876680616,1.795107303718096,1.0095397933044783,4.261842855107565,1.4023582405935346,0.3290497299572864,21.0,10.59774665042631,8.0,0.620584652862363,17.07703631010795,1.7947624847746653,1.3439114980767213,2.597073363055144,4.977890113754847,2.8222951488587738,13.908759124087592
PT0002000078207354XC,3.6349458135580317,2.960087125087204,0.0,20.0,2.0,1.0,6.0,78802,0.8143414721744506,1.3755363233615299,2.917576280651876,3.987565976451482,4.7165550142103125,2.0946854001221746,1.2463414634146341,1.2448233861144946,1.2384287454323994,1.225943970767357,1.2095006090133984,1.220462850182704,1.6020097442143728,3.662911084043849,4.461023142509135,4.740560292326431,4.851400730816078,4.607490864799026,4.015225334957369,4.228989037758831,4.645858708891596,4.785931790499391,5.048416565164434,5.574908647990256,5.687576126674787,5.500304506699147,5.312423873325213,5.057247259439707,3.96863580998782,3.878283322945419,4.0100632291388365,3.822439893143366,4.025013352323304,3.876057341287508,3.2536865342163357,2.590708355414238,3.922375567625323,2.922241356471056,0.7450182436864998,19.0,5.687576126674787,5.0,1.2095006090133984,4.702416918429003,4.555318717011774,1.376620595810743,3.1755977969577707,2.3225661940393802,1.580353297962648,7.094890510948905
PT0002000078233981HJ,2.615626375776549,3.828002452487927,0.0,16.0,1.0,0.0,2.0,81772,1.4635127126485858,0.7646352011595017,2.8582053038457773,2.411189358372457,2.335142801251956,0.6347287735849056,0.5637485311398355,0.5536971830985915,0.556924882629108,0.5557511737089202,0.5551643192488263,0.5536971830985915,0.5616197183098591,0.9583333333333334,2.704518779342723,3.910504694835681,4.01731220657277,2.3148474178403755,1.1117957746478873,1.637030516431925,2.1393779342723005,2.3386150234741785,2.509976525821596,4.27406103286385,7.27406103286385,7.230927230046948,6.598004694835681,5.881455399061033,3.3271713615023475,2.887275832621691,2.2742100768573867,3.00290325335155,2.558712121212121,2.20099896658629,3.1858558250768705,2.195386586928663,2.5855138024983293,2.690684662367061,1.0406769670953244,19.0,7.27406103286385,2.0,0.5536971830985915,13.137254901960786,2.008607198748044,0.5700024772350312,5.4972001329916305,3.4019123867604475,1.1747438423289043,10.17116060961313
PT0002000078294957RQ,5.48155997766384,7.566806092021957,0.0,48.0,2.0,1.0,6.0,78796,1.3804110732811534,0.9121490999594838,2.0112724687722148,9.861246447421843,8.03892610637434,1.8289473684210527,1.6152439024390244,1.5761266747868452,1.56394640682095,1.5505481120584652,1.5249695493300852,1.6068818514007308,2.721071863580999,9.193361753958587,11.314859926918393,11.879719853836784,11.076431181485992,12.982034104750305,11.514920828258221,10.48477466504263,8.093788063337394,6.943970767356882,6.407125456760049,4.788976857490865,2.6823995127892815,2.4993909866017052,2.5776492082825824,2.6218026796589524,2.4859926918392206,6.854166666666667,7.18993766696349,7.169115682607534,7.225091265247975,6.4969723953695455,1.7543937119138038,1.7421605865206253,6.987052999002707,1.74827768945416,0.2502167494226392,12.0,12.982034104750305,5.0,1.5249695493300852,8.512979233226838,9.404435647584245,1.6099636689760706,4.532996579827905,4.644533153820189,4.184003184306418,15.200729927007298
PT0002000078441876HB,218.19303008070432,103.09542577325068,0.0,574.0,196.0,130.0,303.0,40890,0.47249642087613053,0.7928759224619205,153.9480481361902,260.90639671361504,303.9319248826291,117.19257950530036,112.26525821596245,108.65023474178403,107.66549295774648,112.31338028169014,124.20129107981221,139.17194835680752,169.09976525821597,196.29225352112675,270.11795774647885,296.6032863849765,308.7335680751174,324.59154929577466,298.0363849765258,300.57159624413146,305.643779342723,314.6038732394366,317.4031690140845,287.3327464788732,268.07042253521126,253.4137323943662,216.44307511737088,158.75469483568074,129.1050469483568,230.18616567036722,236.2614859094791,239.3947053800171,241.04166666666666,237.57413194444445,175.89186880765288,167.30452604611443,236.8895514204448,171.59783072849945,0.7243790606194278,12.0,324.59154929577466,3.0,107.66549295774648,3.014815057069039,310.14172535211264,113.71470613038262,2.344754502932198,87.89111391194125,46.288495403143514,288.59718969555036
PT0002000081344542CP,3.1153074951140893,4.613341616863381,0.0,25.0,1.0,0.0,4.0,78798,1.4808623624148634,1.283982401824996,3.4775831429296775,2.166412911084044,3.339981729598051,1.68868501529052,0.7548780487804878,0.5819123020706456,0.5682095006090134,0.5490255785627284,0.5438489646772229,0.5475030450669914,0.5526796589524969,0.6482947624847747,1.938489646772229,3.2506090133982948,3.5627283800243603,3.045676004872107,2.0532886723507917,1.7253349573690622,2.186662606577345,2.6970158343483557,4.463763702801462,6.913824604141291,8.334652862362972,8.286540803897685,7.814555420219245,6.98599269183922,5.064250913520097,2.9061442564559217,3.515094843708255,3.5757413839166445,3.465640021363717,3.4161175422974175,3.145430463576159,1.7933928098224539,3.3757479697962673,2.469531043009803,0.7315507748520823,19.0,8.334652862362972,5.0,0.5438489646772229,15.325307950727884,2.6952902963865206,0.7810932349984364,4.642661190740855,3.9894557902283565,1.6249625111096948,13.201946472019465
PT0002000081997398TD,27.675985031917236,18.046018222064596,0.0,155.0,24.0,12.0,39.0,81774,0.652046104276075,0.9755750326090414,17.404031508390823,33.777142018779344,42.10969287949922,15.406194690265487,12.102526439482961,10.665592028135991,9.586854460093896,9.507042253521126,9.501173708920188,9.957453051643192,21.710093896713616,31.471830985915492,37.757335680751176,30.917840375586856,37.74119718309859,43.06455399061033,43.5724765258216,40.41197183098591,35.24325117370892,38.66050469483568,48.92018779342723,45.84976525821596,33.54694835680751,30.63262910798122,27.061032863849764,22.402288732394368,18.469776995305164,28.866256725595697,28.762510674637063,29.080536339567853,28.9165016785745,28.976407783709316,25.200324619853067,23.94892817490819,28.920355043780738,24.574546231048473,0.8497318305341198,17.0,48.92018779342723,5.0,9.501173708920188,5.1488573193329215,41.64549100156495,11.128230596736609,3.1256039983860626,15.83895509869835,7.283839534445839,55.42672919109027
PT0002000082549706RH,9.120917726736591,5.640080334674839,0.0,37.0,7.0,5.0,10.0,78847,0.6183676362019795,0.5481904507638805,9.327340956920814,8.569123020706456,9.259541209906619,9.305212413377523,9.550914634146341,10.100487210718637,9.487819732034104,9.376979293544458,9.314555420219245,8.888855054811206,7.42326431181486,7.338002436053594,8.383069427527406,9.383069427527406,9.5,9.38733252131547,9.091656516443361,8.947624847746651,9.249086479902559,9.339829476248477,9.422350791717419,9.506699147381243,8.978075517661388,9.199147381242387,9.270706455542022,9.235688185140074,9.220158343483556,8.999198575244879,9.401170524075551,9.461038382758927,9.684646194926568,9.454982634250602,8.455629139072848,8.399929341105812,9.400231316725979,8.42778292930631,0.8965505895914098,2.0,10.100487210718637,8.0,7.338002436053594,1.3764627769939415,9.239646772228989,9.522661450673384,0.9405771861631282,1.852223583563062,5.29570426302375,8.717761557177615
PT0002000082592498EF,0.5385689880229921,0.6736693558561494,0.0,3.552,0.188,0.104,1.128,43667,1.2508506260805898,1.901334875888331,0.4523612040133779,0.3020197802197802,0.9474311355311356,0.3923003865267808,0.3953678414096916,0.3953230769230769,0.39561098901098896,0.3953120879120879,0.39403736263736266,0.36900000000000005,0.32284835164835163,0.29714505494505494,0.29716263736263737,0.2979208791208791,0.29804835164835164,0.2989934065934066,0.6858351648351648,0.9643252747252746,0.9745758241758242,0.9751626373626374,1.0198725274725273,1.0648153846153845,1.0272153846153846,0.5005120879120879,0.390221978021978,0.3872945054945055,0.3857164835164835,0.3073081115742225,0.6398486937009136,0.7184975953831356,0.731521383950024,0.7065008015389548,0.4281718775052108,0.23775296759704845,0.6207536863700475,0.33298532595621844,0.5364210205555142,18.0,1.0648153846153845,8.0,0.29714505494505494,3.583486808529522,0.8197941391941391,0.39465862406999813,1.5493857140633014,0.340063816405559,0.4836318348729296,0.9338771929824561
PT0002000084414998AX,1.0007122083037534,0.877139750001343,0.0,10.12,0.916,0.368,1.036,43667,0.8765154883921417,0.6675245834487084,0.7330757318916937,1.1526087912087912,1.3837699633699634,0.704463832136941,0.7124449339207048,0.7281230769230769,0.6988637362637363,0.7148725274725275,0.7164417582417583,0.6934175824175824,0.7220285714285715,0.8649934065934066,1.1987208791208792,1.3348901098901098,1.391654945054945,1.4033648351648353,1.4064747252747254,1.3989428571428573,1.4376527472527474,1.4079252747252746,1.3996967032967031,1.2519274725274725,0.9173978021978022,0.7273758241758242,0.7357406593406594,0.7291692307692308,0.718410989010989,0.9898096153846154,0.9990876743067799,1.0031189483808913,1.0101374779682744,1.0228162872715614,0.9924373897707232,0.9875675328841835,1.004993332478523,0.9900030470692005,0.9850841941683799,15.0,1.4376527472527474,6.0,0.6934175824175824,2.0732856848544396,1.409009523809524,0.7125349774931241,1.6045005660600107,0.5255891007224403,0.5942094013098993,1.7281754385964911
PT0002000085555547GN,1.4436329677861548,1.3525036158381114,0.0,8.892,1.38,0.088,2.148,46688,0.936874985552739,1.4269554976699228,2.3279753424657534,0.7587311385459534,0.35742386831275724,2.1115737373737375,2.1286350515463917,2.3182572016460905,2.3676419753086417,2.377135802469136,2.3578312757201645,1.9690370370370371,1.0293086419753086,0.8846152263374486,0.7707777777777778,0.6828724279835391,0.5966687242798354,0.5881440329218107,0.4836172839506173,0.4554979423868313,0.4439259259259259,0.29033333333333333,0.22046707818930042,0.25070164609053497,1.20538683127572,2.7920781893004114,2.9824197530864196,2.8835493827160494,2.4457551440329217,1.5006038410004467,1.457788361363298,1.4308978862756774,1.457163494680054,1.482148595590456,1.3820945476514122,1.3937503777576308,1.4656835181918741,1.3879211420802178,0.9469446335812064,21.0,2.9824197530864196,17.0,0.22046707818930042,13.527732927660129,0.41366426611796986,2.27684584067736,0.42948263043132795,1.1756535072636978,0.5629477952516349,3.5979219712525663
PT0002000085641795MX,0.08575050690956733,0.08247043328175753,0.0,1.388,0.068,0.048,0.072,32057,0.9617486386259038,0.27988172740845074,0.0618788143525741,0.059378742514970065,0.15984481037924153,0.05974115876598947,0.05955688622754491,0.059212574850299404,0.05902994011976048,0.05913173652694611,0.05897604790419162,0.05899401197604791,0.059011976047904195,0.05937425149700599,0.05951197604790419,0.05952694610778444,0.05948203592814372,0.05936526946107784,0.10298203592814371,0.15788323353293413,0.1773622754491018,0.1810119760479042,0.17708982035928145,0.16273952095808383,0.08862574850299401,0.06009580838323353,0.06028443113772455,0.05956586826347305,0.05932035928143712,0.06414326025613197,0.09545040156283915,0.09604167571087475,0.09074761799246621,0.09665706051873199,0.09858241042345277,0.058965921423920126,0.0885653753556577,0.0787698653929657,0.8893979738316973,16.0,0.1810119760479042,5.0,0.05897604790419162,3.0692456086912374,0.14261576846307386,0.059274724065788674,1.6694946099706092,0.050782581389741725,0.03835486050884176,0.1683223880597015
PT0002000100113293JT,42.289255490877075,14.71503425705378,0.0,74.0,46.0,41.0,51.0,81772,0.34796153505772187,0.23646668365105808,40.9066934142284,44.47598787167449,42.86629499217528,38.806603773584904,38.942126909518215,38.970657276995304,38.938380281690144,38.9325117370892,38.88174882629108,39.916079812206576,40.65082159624413,44.759096244131456,46.32306338028169,46.05897887323944,45.019366197183096,44.044600938967136,42.49354460093897,41.65669014084507,41.916373239436616,42.67869718309859,43.68926056338028,44.76320422535211,46.039612676056336,45.87529342723005,44.14847417840375,42.038145539906104,39.37852112676056,42.299829205807,42.19634469211717,42.24365872405841,42.935955926659204,42.92552733534223,43.324564400409976,40.108253588516746,42.51895133653187,41.71668375192209,0.9811315293676944,9.0,46.32306338028169,0.0,38.806603773584904,1.1936902195964165,42.74652777777777,38.912004800861475,1.1243849437653126,4.532985808656297,13.895467633013945,17.83352872215709
PT0002000100742616GC,3.3437141417842096,4.187327856104421,0.0,22.176,1.072,0.336,5.656,43672,1.2522983958999732,1.5910450996750702,3.191347563209967,4.127021978021978,2.8650278388278387,6.00568281938326,5.837422907488987,5.16141978021978,4.624945054945055,4.032219780219781,3.5700835164835163,3.418567032967033,3.76401978021978,3.7156483516483516,2.8150395604395606,4.406639560439561,4.777558241758242,5.283226373626373,4.424841758241758,2.8647450549450553,3.1367824175824177,2.7064637362637365,2.404173626373626,1.6531604395604396,1.107413186813187,0.9835978021978021,0.8829098901098901,0.8644219780219781,1.819487912087912,3.893503045848028,4.103075492867447,3.975815355024844,3.9304728669761486,3.736466175056108,1.879126503126503,1.8852999679178697,3.9278744912022048,1.8822124929837223,0.47919364460335223,0.0,6.00568281938326,22.0,0.8644219780219781,6.9476285565133615,3.470038827838828,4.871962309790063,0.6201914102973382,2.791142961768079,2.5601555913943517,9.921289473684212
PT0002000101964938LF,5.218200220283988,4.482675979418303,0.0,29.0,3.0,2.0,9.0,67186,0.8590463742639497,1.3414586839327989,2.807241112368249,7.039583333333334,8.21672619047619,2.1647523330940417,2.3475,2.4985714285714287,2.500714285714286,2.4939285714285715,2.4910714285714284,2.4775,3.4875,7.386785714285714,7.806071428571428,7.776428571428571,7.816071428571429,7.964642857142858,8.636785714285715,8.571428571428571,8.644642857142857,8.211428571428572,7.779642857142857,7.456428571428572,6.881428571428572,3.3560714285714286,2.1742857142857144,2.152857142857143,2.145,6.50255288110868,6.452755495364101,6.547566948004585,6.4744297469013645,6.189329998958008,2.1879754089819734,2.172327568243384,6.433331249609302,2.18015108101068,0.33888369748457786,15.0,8.644642857142857,23.0,2.145,4.03013653013653,8.301428571428572,2.4160896745632927,2.7530834217789204,3.1408592644105005,2.510679547768192,9.68188302425107
PT0002000102936404ME,5.105771427121139,2.617116020974635,0.0,22.0,5.0,4.0,6.0,78802,0.5125799418032863,0.3917135791422784,5.189876630959029,3.84475233455136,6.198639870077142,4.14752596212584,4.300304878048781,4.35809987819732,4.307551766138855,4.326431181485993,4.253958587088916,3.3337393422655297,0.7978075517661388,0.5819123020706456,4.375456760048721,5.797198538367844,5.774056029232643,5.742082825822168,5.756090133982948,5.791412911084044,5.787454323995128,5.734165651644336,6.537758830694275,7.58495736906212,7.709196102314251,8.39403166869671,8.410170523751523,4.623934226552985,4.10931790499391,5.107381355177633,5.094122885129118,5.186804380731902,5.155866120705003,5.185768991005433,5.059602649006623,4.952481893658364,5.145988781052444,5.0060493663619905,0.9728061174160132,21.0,8.410170523751523,8.0,0.5819123020706456,14.452642595499738,5.8914941128704825,4.282312042180951,1.2859217461989074,2.3308116055275403,1.0933417208553857,9.744525547445255
PT0002000103647515BL,0.6169953552120612,1.1658584204662128,0.0,5.0,0.0,0.0,0.0,78798,1.8895740634311704,0.0,1.1716425488702717,0.00045676004872107184,0.12474624441737718,1.6675840978593273,0.1948170731707317,0.0027405602923264312,0.00243605359317905,0.0006090133982947625,0.0,0.0,0.0,0.0,0.0,0.0006090133982947625,0.0015225334957369061,0.0006090133982947625,0.0006090133982947625,0.0018270401948842874,0.0015225334957369061,0.00243605359317905,0.08495736906211937,0.6571254567600487,1.7542630937880634,2.6775274056029232,2.671132764920828,2.5931790499390988,2.4963459196102313,0.6122339951918796,0.610027607088788,0.6159188034188035,0.6149394586894587,0.6184878439754208,0.6244259978806076,0.6228248387951595,0.6143215856677292,0.623625524398322,1.01514506237068,20.0,2.6775274056029232,5.0,0.0,4.5160501259924075,0.01532683719041819,0.31136446638564325,1.5765570053401234,1.1273015496809644,0.18159524392461773,3.1435523114355233
PT0002000105483259QH,0.23712563133629283,0.427216060716128,0.0,3.0,0.0,0.0,0.0,81771,1.8016443785878546,0.0,0.25568195718654435,0.15126173708920188,0.28589593114241,0.3656738425243291,0.26439482961222094,0.14847417840375587,0.1431924882629108,0.13380281690140844,0.14583333333333334,0.1396713615023474,0.142018779342723,0.1402582159624413,0.15258215962441316,0.15199530516431925,0.15463615023474178,0.16607981220657278,0.1687206572769953,0.16901408450704225,0.2717136150234742,0.33568075117370894,0.38028169014084506,0.3899647887323944,0.31954225352112675,0.3248239436619718,0.3617957746478873,0.3629694835680751,0.3585680751173709,0.23639935092663764,0.23697694278394535,0.23757472245943637,0.23796814464055102,0.24554455445544554,0.24419200546634778,0.22129186602870812,0.23888346270498123,0.23274389202118573,0.9742988877745052,18.0,0.3899647887323944,4.0,0.13380281690140844,2.9144736842105265,0.24858176838810642,0.20022858150632641,1.1763990292901585,0.4202829761306731,0.07546759750080252,1.0492379835873389
PT0002000106237165CF,0.08608298983237153,0.04851399295481729,0.0,0.98,0.08,0.06,0.084,43668,0.5635723509288891,0.2788007252853897,0.07550192413413964,0.07278058608058609,0.12053589743589743,0.07277041942604857,0.07256387665198238,0.07249010989010989,0.07253186813186814,0.07248131868131868,0.07247692307692306,0.07240439560439561,0.07258901098901098,0.07243076923076924,0.07251208791208792,0.07235604395604395,0.07237142857142857,0.07442417582417582,0.09312087912087912,0.1115010989010989,0.11984615384615385,0.11943076923076923,0.13135384615384615,0.14796263736263734,0.10783736263736264,0.07313406593406595,0.07224175824175824,0.07242197802197801,0.07265054945054944,0.0753228598909907,0.09282705561788748,0.09515178714537587,0.09179368893160339,0.09470278935556267,0.08120955587622254,0.07155598331729227,0.0899601884796615,0.0763839307192687,0.8490859346802929,18.0,0.14796263736263734,21.0,0.07224175824175824,2.048159415880742,0.10827948717948717,0.07255241930970845,1.2796924086493748,0.030381349885415083,0.02107986051978029,0.13375438596491226
PT0002000107046231FW,3.1173409817757247,4.027919986293736,0.0,27.0,1.0,1.0,4.0,78796,1.292101188109143,0.9623586311341263,1.2044023560475272,5.053542427933414,5.005075111652457,1.1481028151774786,1.0829268292682928,1.0803897685749086,1.08952496954933,1.0797807551766139,1.0121802679658953,0.9625456760048721,1.5651644336175397,4.0331912302070645,4.709500609013398,6.847442143727162,6.629719853836784,6.536236297198538,6.463154689403167,6.399208282582217,5.5581607795371495,4.422350791717418,3.9363580998781975,3.2512180267965896,1.6023142509135202,1.369671132764921,1.4494518879415348,1.3440925700365407,1.2314250913520097,3.915857893330959,4.088431739246594,3.9861976847729297,4.145375233686459,3.8644460277876735,0.9294418933239138,0.9275682360215529,4.0000712364873285,0.9285051887833959,0.23212216330396276,10.0,6.847442143727162,6.0,0.9625456760048721,7.113888010123379,5.552578156719448,1.0821509009520867,3.7965874333760428,2.661756514781871,2.3226162935173926,9.188564476885645
PT0002000107172384HT,5.535517251236315,3.501796334629251,0.0,34.0,5.0,3.0,7.0,69966,0.6326050801932108,0.7226063651245295,5.537599359524218,4.10099451303155,6.965877914951989,5.969029593943565,4.801237964236589,3.962620027434842,3.5401234567901234,3.381344307270233,3.3377914951989025,3.2801783264746227,3.282235939643347,3.2599451303155007,3.405349794238683,4.179698216735254,4.69718792866941,5.781550068587106,6.528463648834019,6.7633744855967075,7.157407407407407,7.299382716049383,7.078532235939643,6.9681069958847734,7.224622770919067,7.804869684499314,8.21227709190672,7.885116598079561,7.051440329218107,4.459134615384615,5.373419641954081,5.588818755635708,5.805747471713227,6.347259793607855,5.95345837054679,5.218194458238156,5.515114411882778,5.585972401469275,1.0128479636675944,21.0,8.21227709190672,8.0,3.2599451303155007,2.5191458026509572,6.768118427069044,4.165357807479043,1.3942857183069333,2.655416148647867,1.8102672459247606,10.982191780821918
PT0002000107332489XW,0.11076338489798124,0.01822946596903431,0.0,0.368,0.112,0.112,0.112,55529,0.1645802535361716,0.0,0.11136109411552997,0.11023615916955018,0.11009342560553634,0.11172970675733108,0.11139273356401384,0.11107093425605535,0.11061937716262976,0.11031487889273356,0.11033564013840831,0.11067474048442906,0.11145847750865052,0.11082179930795849,0.10944982698961937,0.10959515570934257,0.11028719723183392,0.10980449826989619,0.10990484429065743,0.10987889273356401,0.10997404844290658,0.1100536332179931,0.11033217993079585,0.11041695501730103,0.11047923875432526,0.11091868512110728,0.11209861591695502,0.11343598615916956,0.11325605536332181,0.11014836199322205,0.10950536561018219,0.10975495857393924,0.11107250793650794,0.11100012708095057,0.11272671833312159,0.11117308899209238,0.11029180418734724,0.11194519510039147,1.0149910587212418,22.0,0.11343598615916956,9.0,0.10944982698961937,1.0364199677531536,0.10999134948096885,0.11091054512852866,0.9952552228468416,0.004736086952353915,0.01320662490266572,0.01877029360967185
PT0002000108315818YN,0.03714639321973596,0.15152094950788583,0.0,1.196,0.0,0.0,0.02,78699,4.079021847735743,0.5384102806884077,0.04999964411906759,0.009123170731707318,0.039476829268292685,0.081414649095924,0.030830280830280832,0.013471951219512196,0.010896341463414635,0.009948780487804877,0.010679268292682927,0.010308536585365853,0.009289024390243903,0.009157317073170732,0.009108536585365853,0.009248780487804878,0.009087804878048781,0.008847560975609755,0.009540243902439025,0.01501219512195122,0.01538658536585366,0.028935365853658537,0.08241585365853658,0.08557073170731708,0.08608780487804878,0.08577560975609756,0.08737317073170732,0.08658658536585366,0.08676219512195121,0.03609400035606196,0.03555401193338677,0.035767220063581774,0.035289110497729495,0.03793623085144282,0.039998218580208425,0.03939960805273472,0.03612744017352345,0.03969892664677326,1.098857999794495,21.0,0.08737317073170732,12.0,0.008847560975609755,9.87539627842867,0.026689634146341467,0.026206878564936576,1.3382581994665759,0.04468924721360794,0.0876358279713347,0.1069768574908648
PT0002000109837807PE,3.4952790679966497,3.017274831167341,0.0,13.0,2.0,1.0,6.0,78798,0.8632428977685948,1.4305009421939503,3.066057374968266,4.163317092976046,3.6852923264311817,2.418960244648318,1.663719512195122,1.6327649208282582,1.6361144945188795,1.612667478684531,1.4123020706455542,0.9223507917174177,1.0450669914738124,4.162911084043849,4.898599269183922,4.993605359317905,4.988428745432399,4.891291108404385,4.460109622411693,3.345006090133983,3.7158952496954933,3.3093788063337395,2.757917174177832,4.523447015834348,5.697929354445797,5.834652862362972,5.412606577344701,4.661997563946406,3.8821559074299636,3.768833481745325,3.7644701691896705,3.6711194229227893,3.9502403418194767,3.929290230652774,2.9138189845474614,2.482201218973589,3.816800826328537,2.6980482204362803,0.7068873496947943,20.0,5.834652862362972,6.0,0.9223507917174177,6.325850115549687,3.7465996751928543,1.7294214535867771,2.34757684309652,2.3510906397831346,1.6154194225329817,7.319951338199513
PT0002000109942242HZ,0.06487853805990657,0.16342136547216152,0.0,0.504,0.0,0.0,0.0,43668,2.5188817497901073,0.0,0.08491203958218801,0.03801135531135531,0.0517007326007326,0.0,0.0010947136563876651,0.0,0.030542857142857142,0.06796923076923077,0.05105494505494505,0.013936263736263735,0.00043516483516483517,0.0,0.0008945054945054946,0.04073626373626374,0.09315164835164835,0.09285054945054945,0.09275604395604396,0.09185934065934066,0.05259340659340659,2.1978021978021977e-05,0.0,0.07297362637362638,0.09962197802197802,0.0996153846153846,0.2538835164835165,0.3130945054945055,0.08757362637362637,0.06570961538461538,0.06416476999519154,0.06417377364539917,0.06443903220637719,0.06509907021481244,0.06511399711399711,0.06544987971130714,0.06471727144505705,0.06528191148171905,1.0087247194458957,22.0,0.3130945054945055,0.0,0.0,4.5160501259924075,0.05501355311355311,0.025110291103903438,2.5022849848935795,0.15792287578557535,0.030126462211105577,0.48950877192982456
PT0002000110090564GD,3.686096539500579,4.054519402922989,0.0,19.0,2.0,1.0,5.0,69961,1.0999493256550266,1.0851587735523474,3.7130887357373674,3.5665294924554183,3.7517146776406034,1.9782833505687694,1.2881705639614855,1.2911522633744856,1.2671467764060356,1.2719478737997256,1.260631001371742,1.25960219478738,1.2630315500685871,1.581275720164609,4.333676268861454,5.280864197530864,5.063786008230453,3.876543209876543,2.522633744855967,3.1848422496570645,4.025720164609053,4.108367626886145,3.2013031550068587,5.467421124828532,8.843621399176955,8.532235939643346,7.553840877914952,6.015089163237311,3.979766803840878,3.3457223001402525,3.8693233538990595,3.729085261997796,4.119379068602904,3.6220196353436185,4.053200992555832,3.067534015294468,3.7368769697091353,3.5605142970611596,0.9528047955344638,19.0,8.843621399176955,6.0,1.25960219478738,7.020963789817588,3.486568358481939,1.392888638247041,3.1453862995249255,3.450182336515668,1.4849873138354632,10.08904109589041
PT0002000110607652SB,5.443151204846176,5.735141389206402,0.0,35.0,2.0,1.0,9.0,67187,1.0536435923551526,1.4697368672906599,2.512400631196594,7.383630952380952,9.361904761904762,1.8787226408324362,1.8689285714285715,1.8489285714285715,1.8528571428571428,1.8214285714285714,1.8407142857142857,1.8292857142857142,2.5735714285714284,8.64,7.9675,8.154642857142857,8.075357142857143,8.890714285714285,9.696071428571429,10.0075,10.024642857142856,9.206785714285715,8.840714285714286,8.395714285714286,7.729285714285714,3.8175,1.8782142857142856,1.895,1.885,7.112199187415356,7.002500260443796,6.819631134729603,6.755416666666667,6.684380535584037,1.8789204959883297,1.8483017295269848,6.874833305550925,1.8636103151862464,0.27107716396287274,15.0,10.024642857142856,4.0,1.8214285714285714,5.503725490196078,9.444404761904762,1.8519299639482634,3.9056383830949586,3.971638944353882,3.0434123716703834,13.00713266761769
PT0002000112026362NN,0.008164111856604143,0.015034470033592408,0.0,0.068,0.004,0.0,0.004,81676,1.8415316078050388,0.4899491910763453,0.01167492897031449,0.001964943204073639,0.007345084214649432,0.020769775678866585,0.006388235294117647,0.0019670975323149236,0.001965922444183314,0.001964747356051704,0.001964747356051704,0.001965922444183314,0.001964747356051704,0.001964747356051704,0.001964747356051704,0.001964747356051704,0.001965922444183314,0.001964747356051704,0.001964747356051704,0.001964747356051704,0.001964747356051704,0.0022902467685076383,0.01590951821386604,0.0199764982373678,0.020069330199764982,0.02056169212690952,0.0207027027027027,0.020914218566392476,0.02090129259694477,0.0068960806079754085,0.00693620292083013,0.00762937660119556,0.010455101162290143,0.010161873600826588,0.007983465380640715,0.007119692439128578,0.008409534090714372,0.007549856328001029,0.8977734374532614,22.0,0.020914218566392476,4.0,0.001964747356051704,10.644736842105262,0.0043431257344300825,0.005836754276930979,1.2759639854214737,0.008949639075941975,0.008064458648892945,0.022929577464788735
PT0002000112171317NK,0.2418740413428818,0.2939935402698495,0.0,1.08,0.0,0.0,0.516,78756,1.2154819865645807,2.133341788706114,0.44515646258503405,0.05873516260162601,0.018076219512195124,0.5084518072289157,0.501,0.48304024390243905,0.46867317073170733,0.46653170731707316,0.4657341463414634,0.4254085365853658,0.2581548780487805,0.09196463414634147,0.0007292682926829268,0.0005158536585365854,0.0005719512195121951,0.00047439024390243903,0.00047439024390243903,0.00046707317073170734,0.0004609756097560976,0.00048292682926829266,0.03789634146341463,0.06867560975609756,0.1618451219512195,0.3711243902439024,0.46674024390243907,0.5106317073170732,0.5119926829268293,0.24051856468702698,0.2409796063131761,0.24219938189845475,0.24265064102564105,0.24285754985754984,0.24256420302760465,0.24134912718204488,0.24184106007318198,0.2419567192091905,1.0004782444138043,23.0,0.5119926829268293,15.0,0.0004609756097560976,1110.6719576719577,0.006709349593495935,0.48223851258693307,0.24443124824900145,0.24412113951573042,0.12244787124713293,0.5387673568818514
PT0002000112989585PH,14.165160699988562,7.879060720333344,0.0,89.0,15.0,6.0,19.0,43715,0.5562281210364035,0.9177446183162961,10.933394285714286,16.643864468864468,18.160347985347986,10.49435180204411,10.312224669603523,10.231318681318681,10.212637362637363,10.17032967032967,10.123626373626374,10.115384615384615,11.18131868131868,16.787362637362637,17.532417582417583,17.864835164835164,18.164835164835164,18.332417582417584,19.157692307692308,19.335164835164836,19.201098901098902,17.92912087912088,16.959340659340658,16.37967032967033,15.637912087912088,12.747252747252746,10.437912087912087,10.35989010989011,10.365934065934066,16.11181803721966,16.032857829780415,15.949663353638988,15.581704581864788,15.181789034947098,10.153759820426487,10.124799486685916,15.772084240174113,10.139283136877555,0.6428626034757741,14.0,19.335164835164836,6.0,10.115384615384615,1.9114611624117328,18.485805860805858,10.25741475992662,1.5705939453109108,4.343812865120271,6.097324628668729,14.151315789473685
PT0002000114685657JR,46.469106423119804,25.593228931012817,0.0,178.0,35.0,29.0,56.0,46644,0.5507579314733584,0.5810311856258693,33.247726882827244,62.213220164609055,57.15414951989026,31.339359504132233,30.889690721649483,30.89351851851852,31.32150205761317,31.692901234567902,31.814814814814813,33.12139917695473,40.157407407407405,56.443415637860085,69.77366255144032,69.60956790123457,70.77777777777777,66.51748971193416,61.13940329218107,61.29938271604938,60.468106995884774,59.45473251028807,51.56738683127572,48.99588477366255,41.48508230452675,38.47170781893004,34.73765432098765,31.703703703703702,31.488683127572017,52.91292051205716,53.746948496576366,53.85607977377586,53.547910064886075,51.427514346119,29.824950913759253,29.644810394319382,53.10187402706263,29.73489425981873,0.559959413949586,11.0,70.77777777777777,1.0,30.889690721649483,2.291307427308495,60.0744170096022,31.325297808549355,1.7238863677550282,16.135402673611274,15.798447771695853,51.37782340862423
PT0002000115031201VQ,6.151237587438243,9.52426529263006,0.0,57.0,2.0,1.0,7.0,81772,1.5483494430584261,0.9754134700068986,2.2573148057539876,9.64656690140845,10.439945226917057,2.0704599056603774,1.9521151586368977,1.9615610328638498,1.9474765258215962,1.9292840375586855,1.9240023474178405,1.948650234741784,2.470950704225352,5.257629107981221,10.34800469483568,11.822769953051644,13.88468309859155,14.095363849765258,13.320422535211268,12.69424882629108,11.25,9.96449530516432,8.72300469483568,6.6875,3.124706572769953,2.613556338028169,2.5651408450704225,2.6062206572769955,2.443368544600939,7.908966695132365,8.275234842015372,8.031172602271758,8.217353877937505,7.446482390424524,1.6071916638196104,1.59683895771038,7.976336126390103,1.602015974031521,0.2008460963337756,12.0,14.095363849765258,5.0,1.9240023474178405,7.326063748665548,11.674589201877936,1.9641498346598745,4.161187338312476,5.069458007892736,6.039138787623647,15.35873388042204
PT0002000115673389QK,13.677106598984771,11.58742566808647,0.0,67.0,11.0,4.0,20.0,78800,0.8472132306804265,1.1698380709548357,12.555975832656378,15.10343077547706,14.492133576938693,14.34474327628362,16.964634146341464,15.908647990255785,14.852618757612667,13.877588306942753,12.589220462850182,9.205542021924483,5.891595615103532,11.79872107186358,17.595919610231427,18.68483556638246,18.32429963459196,18.325213154689404,14.973507917174178,15.640986601705238,15.258526187576127,12.683922046285018,14.295066991473812,14.100791717417783,11.084348355663824,10.71985383678441,10.61510353227771,10.229293544457978,10.292021924482338,15.4764491140593,15.900881645738712,16.104906937394247,16.258500979170375,15.717160922611097,8.529359823399558,7.843857634902411,15.891597805955264,8.18663899682091,0.5151551843171506,10.0,18.68483556638246,7.0,5.891595615103532,3.1714389084143066,15.196203816483964,14.756242156714412,0.9284131739521373,6.778184193311897,8.40047264772041,23.742092457420924
PT0002000115673471CB,11.708176292179033,15.020669017767071,0.0,111.0,4.0,3.0,17.0,78801,1.282921322922064,1.1957455756240951,11.689487980097987,12.759135200974422,10.694579780755177,24.280513918629552,26.41737804878049,23.443430656934307,18.507612667478686,13.742691839220463,9.9068209500609,3.8462241169305726,6.117539585870889,11.32551766138855,14.651035322777101,15.451887941534714,13.725030450669914,15.28380024360536,12.54993909866017,13.076431181485992,12.327344701583435,9.491778319123021,9.028319123020706,7.693666260657735,5.251827040194884,4.414129110840438,4.284409257003654,3.451887941534714,2.7880633373934227,13.36025287151634,13.926625111308994,13.858160448757902,14.086263687349772,13.22461702885643,6.857105007506845,6.725827814569536,13.691218634801347,6.791460614623808,0.4960450048880801,1.0,26.41737804878049,23.0,2.7880633373934227,9.475171418981555,11.959602111246447,19.383074680184066,0.5111382031452357,10.279372279339512,7.555994428241603,37.22749391727494
PT0002000115700602GW,8.579053565310085,8.336134560687883,0.0,42.0,4.0,3.0,11.0,78801,0.9716846383143638,0.9325037941654167,4.052547406899703,14.610688185140074,11.59698538367844,3.643010094830223,3.747560975609756,3.760948905109489,3.7576126674786847,3.75700365408039,3.7506090133982948,3.7448233861144944,6.690621193666261,15.01613885505481,17.03380024360536,16.904080389768573,16.56151035322777,15.457978075517662,12.98721071863581,15.142813641900123,14.196711327649208,10.472898903775883,9.681181485992692,7.10109622411693,4.867235079171742,4.824299634591961,4.612058465286236,4.3964677222898905,3.7670523751522533,10.291158400854776,10.852626892252895,10.730097951914514,10.651504361758946,9.961079444246527,3.8091663723066054,3.8367184740374425,10.497319822627464,3.822942423172024,0.36418271404206365,9.0,17.03380024360536,0.0,3.643010094830223,4.6757488451042,12.989799025578565,3.7361242184178054,2.9324248828828785,5.720463951268194,4.300789473028542,17.496350364963504
PT0002000117822355RM,2.6124791022558114,1.748609253961309,0.0,10.228,1.612,1.316,4.368,43665,0.6693294704066447,1.1682390099751128,2.387130171821306,2.7042326007326007,2.971113919413919,1.9926655610834716,1.4224625550660792,1.2964967032967032,1.4535736263736263,1.425542857142857,1.3422,1.2918527472527472,1.4011736263736263,1.9678791208791209,3.1704373626373625,3.5114879120879117,3.200815384615385,2.973602197802198,2.159074725274725,2.4432681318681317,2.6858681318681317,3.0395912087912085,3.6657186813186815,3.833162637362637,3.9291494505494504,3.9300813186813186,3.996687912087912,3.741342857142857,2.8190021978021975,2.704794485411991,2.6988453277768873,2.8072401410708556,2.369232494792501,2.4573235011221546,2.6513394260060923,2.598678857876163,2.6074672052317753,2.6250154759040973,1.0067300062823847,21.0,3.996687912087912,6.0,1.2918527472527472,3.093764301378206,2.8278538461538463,1.4888235504937894,1.9814239628075825,1.6192327523713241,0.5676561250094924,4.597342105263158
PT0002000119303492KB,5.60941902078733,5.645569785707809,0.0,39.0,3.0,2.0,8.0,78798,1.0064446540339582,1.0696294888588744,3.2052551408987053,9.255633373934227,6.769336175395859,3.614678899082569,4.360975609756098,4.340438489646772,4.061205846528623,3.9467113276492083,3.4567600487210717,3.1443361753958587,6.827040194884288,8.776187576126675,10.03258221680877,9.902557856272837,9.484470158343484,10.510962241169306,8.7673568818514,7.9722898903775885,6.899208282582217,6.049025578562729,6.046894031668697,4.881242387332521,2.78836784409257,2.228380024360536,2.2137637028014616,2.213154689403167,2.097442143727162,6.710800463004185,7.086553873552983,7.100623330365093,7.070595566634025,6.6965001335826875,1.6898896247240618,2.964929328621908,6.933022278417894,2.327268712740119,0.33567881643547787,12.0,10.510962241169306,23.0,2.097442143727162,5.0113240418118465,7.707622817701989,3.963461703564057,1.6797920765015995,3.5682007984334816,3.5458197085999865,12.742092457420924
PT0002000120237616VJ,6.08387741108428,5.065222690998983,0.0,25.0,4.0,3.0,8.0,67086,0.8325648839949669,0.8218443045697219,3.1578099838969402,9.425011921793038,8.591738197424892,2.7243359655419956,2.597919655667145,2.5722460658082977,2.575107296137339,2.5647353361945635,2.7743204577968528,3.028612303290415,4.105150214592275,8.611945636623748,9.957796852646638,10.493919885550786,11.40414878397711,11.977110157367669,11.75178826895565,9.861230329041488,8.94170243204578,7.925965665236052,7.007153075822604,6.062589413447783,4.5275393419170245,4.071530758226038,3.780400572246066,3.4238197424892705,3.25,7.126471507448692,7.322740187309271,7.533677120606188,7.527771933515674,7.1886006043555275,3.009078716599608,2.978319223621722,7.339132622047079,2.9937045255173125,0.4079098552496642,12.0,11.977110157367669,4.0,2.5647353361945635,4.669920513178079,9.577491654744874,2.634777462857699,2.929767917596464,3.7565361722145085,2.4426149194625535,12.472857142857142
PT0002000120320157HF,0.07274933285892189,0.007581526146721277,0.0,0.368,0.072,0.068,0.076,78694,0.10421437350392812,0.10996664416859848,0.07174352977068185,0.07330569105691057,0.07420325203252032,0.0716685082872928,0.07149328449328449,0.0714060975609756,0.07131219512195122,0.0712560975609756,0.07114146341463415,0.07121341463414634,0.07245609756097561,0.0736670731707317,0.0742109756097561,0.07301463414634146,0.07324756097560976,0.07323780487804878,0.07327682926829268,0.07342317073170732,0.07386951219512196,0.07426463414634146,0.07518048780487804,0.07520487804878048,0.07399146341463415,0.07230853658536586,0.07170609756097561,0.0716390243902439,0.07178536585365854,0.07272099029299135,0.07251473862320777,0.07281047381546134,0.07307915590775532,0.07299064921186214,0.0724955468471678,0.07263462897526501,0.07282321091440173,0.07256537165158772,0.9964593807444567,18.0,0.07520487804878048,5.0,0.07114146341463415,1.0571173889193637,0.07387540650406504,0.0713796077398523,1.0281938426758237,0.00360100338640121,0.004649828746371982,0.014031668696711332
PT0002000123648159KR,6.022893110493522,6.390614847754729,0.0,36.0,3.0,1.0,10.0,78801,1.0610540035353666,1.4942984766439813,4.520980884928794,8.304811205846528,6.743656110434429,5.313168347082188,7.318292682926829,6.964981729598051,6.173873325213155,5.792021924482339,5.17904993909866,4.71863580998782,5.641595615103532,7.753045066991474,8.14190012180268,8.974116930572473,9.500609013398295,9.817600487210719,8.50213154689403,7.482034104750305,6.8800243605359315,6.913824604141291,6.080389768574909,4.6035322777101095,2.7649208282582216,2.4126065773447016,2.646772228989038,2.6056638246041413,2.3678440925700364,7.4535660226159735,7.4547640249332146,7.497729094309378,7.525589675122386,7.0092617330127345,2.482913907284768,2.7922628510863805,7.388200306300531,2.6375678897867267,0.3569973444733833,12.0,9.817600487210719,23.0,2.3678440925700364,4.146219135802469,7.612667478684531,6.1235646580668694,1.0495698286495354,4.041416165083992,4.392458182059335,14.371046228710462
PT0002000123801456QA,0.14389120540302452,0.2993864054238009,0.0,2.036,0.08,0.04,0.084,81732,2.080644224122317,0.3057865828336104,0.09676714607181293,0.16080434782608696,0.22130924402663535,0.06703019744483159,0.0665635294117647,0.06578260869565218,0.06541833137485312,0.06509635722679201,0.06448178613396005,0.06392596944770858,0.06376615746180964,0.06354406580493537,0.17347121034077556,0.2203325499412456,0.2215969447708578,0.2221151586368978,0.2205828437132785,0.22013866039952995,0.21886486486486487,0.22118801410105757,0.2221645123384254,0.2249165687426557,0.22735017626321974,0.22867450058754407,0.11229024676850763,0.06756521739130435,0.06734077555816687,0.14234657101375012,0.1408825380624309,0.1417839637947229,0.1462242878044582,0.14400413223140496,0.1461789065863108,0.1458686031610423,0.14304006026159008,0.14602315608919383,1.020854967637376,20.0,0.22867450058754407,8.0,0.06354406580493537,3.598675937569347,0.22084234234234235,0.06572880171464228,2.781241221391891,0.08922054441188398,0.2036428707480207,0.20562910798122058
PT0002000125379984SH,4.752447512469808,4.82439327942597,0.0,63.0,2.0,1.0,8.0,69969,1.015138676811766,1.472925262537441,4.009920805100495,5.456675811614083,5.532636031092821,3.202475077346167,1.3342503438789546,1.3041838134430728,1.1279149519890261,1.1502057613168724,1.1303155006858712,1.0606995884773662,1.3919753086419753,5.47599451303155,7.005829903978052,6.9420438957476,6.473593964334705,5.450617283950617,4.4211248285322355,3.8165294924554183,4.635802469135802,5.8765432098765435,6.791495198902607,7.654320987654321,8.512688614540467,8.465363511659808,7.760631001371742,7.116941015089163,5.944101508916324,4.527997595913052,4.772810034392069,5.21370604147881,5.136436436436436,5.080645161290323,4.943832489828322,3.6,4.946670145718759,4.272149699707152,0.8636415151725065,19.0,8.512688614540467,6.0,1.0606995884773662,8.025541545425154,5.165352080475537,1.5415575747766603,3.719259957967404,3.870883312147453,2.1330567577728456,12.789041095890411
PT0002000131605602FL,1.3286628044855506,1.588832761027943,0.0,4.684,0.0,0.0,3.2,29517,1.195813381441899,2.408436504127937,2.51410621744131,0.1665613463626493,0.11263735070575462,2.8100581304006287,2.816156351791531,2.8241302931596093,2.8270358306188923,2.8098534201954397,2.811358306188925,2.2666482084690553,0.9346091205211726,0.06475895765472313,0.0,0.0,0.0,0.0,0.0,0.0,0.0,0.0,0.12515309446254072,0.550671009771987,1.072912052117264,1.6215895765472315,2.6613973941368076,2.828778501628664,2.8085114006514655,1.2735037878787878,1.3539228036940563,1.3248584950307618,1.3572161970163392,1.346259892296886,1.3228246124031007,1.321736617716722,1.3311828790097795,1.322274491017964,0.9933079157399904,22.0,2.828778501628664,9.0,0.0,4.5160501259924075,0.02085884907709012,2.8164320553925037,0.20632797167693945,1.384532679123784,0.587174731655893,2.9806472491909384
PT0002000133505542CK,0.11327911845730028,0.013813686471718422,0.0,0.236,0.116,0.112,0.116,81675,0.12194380270469167,0.03531100925284631,0.1149516741372131,0.11207853505679594,0.11113631022326674,0.11480720401535283,0.11600235294117647,0.11676028202115159,0.11709283196239718,0.1172126909518214,0.11669095182138661,0.11573795534665099,0.1138801410105758,0.11245945945945947,0.11156521739130436,0.11154289071680376,0.11153701527614572,0.11148648648648649,0.11136427732079907,0.111117508813161,0.1112608695652174,0.11118096357226794,0.11102937720329026,0.11086486486486487,0.11123031727379554,0.11222914218566393,0.11341245593419508,0.11400235017626323,0.11424206815511163,0.11204918452736744,0.11320297156519511,0.11392364847553164,0.11393526170798898,0.11364657251119531,0.11330186891740592,0.11290286202477574,0.11335005740331397,0.11310156115971864,0.9978077095919665,4.0,0.1172126909518214,18.0,0.11086486486486487,1.0572573294045322,0.11123991382687037,0.11642771895221433,0.9619159845196177,0.003321674741078047,0.012856038898223555,0.012619718309859154
PT0002000133685986TF,0.07976364475270513,0.09889701408582757,0.0,8.0,0.0,0.0,0.192,67187,1.2398758155102179,2.4071116684206992,0.1414866466192277,0.011357619047619047,0.024771428571428573,0.14439325439540726,0.14153285714285715,0.14150142857142858,0.14146,0.14142,0.14137857142857144,0.14012428571428573,0.06673714285714286,0.0005742857142857144,0.00033,0.00034285714285714285,7.571428571428571e-05,8.571428571428571e-05,7.857142857142857e-05,7.428571428571429e-05,7.428571428571429e-05,7.000000000000001e-05,0.03884428571428571,0.10948714285714287,0.14106857142857143,0.14099142857142857,0.14068,0.14157142857142857,0.14173142857142856,0.08030176096696885,0.07959954161891863,0.07959949989581162,0.07969967718421327,0.07965694039182994,0.07974364318466028,0.07974453011043968,0.07977146667222304,0.07974408669375846,0.9996567697748735,0.0,0.14439325439540726,16.0,7.000000000000001e-05,2062.7607770772465,0.006537857142857143,0.1419476852563774,0.343277247714728,0.07127786500552025,0.04756393394814472,0.1553552068473609
PT0002000201936109ME,0.25959732627880205,1.2814474016384148,0.0,30.0,0.0,0.0,0.0,49519,4.936288905619032,0.0,0.20084037008605712,0.43435077519379844,0.20227713178294573,0.23305704534373475,0.19320388349514564,0.14437984496124032,0.11288759689922481,0.0876937984496124,0.08381782945736434,0.15455426356589147,0.4021317829457364,0.4263565891472868,0.4307170542635659,0.4491279069767442,0.44573643410852715,0.45203488372093026,0.2693798449612403,0.15503875968992248,0.16618217054263565,0.18604651162790697,0.20687984496124032,0.23013565891472867,0.26695736434108525,0.2863372093023256,0.2931201550387597,0.2916666666666667,0.2625968992248062,0.07836140451041965,0.0393891822463251,0.05238698774820448,0.7639690358902181,0.2256020278833967,0.3162934797915786,0.3355874894336433,0.23292751981879956,0.3259384463694626,1.3993127416761175,12.0,0.45203488372093026,5.0,0.08381782945736434,5.39306358381503,0.23926033591731266,0.14250666643438706,2.1142591758716476,0.3005730402301496,0.95333719226959,1.0502901353965184
